,BGauss,CGauss,Jensen,Larsen,NGauss,SBGauss,TurboGauss,TurboJensen,ZGauss,Fuga
0,5.664958625844264,4.285827878369543,4.953126550369361,3.7963943294233338,5.7546766465092904,5.688616932722185,3.9563903599864894,4.649737611695172,4.075726959168951,4.621582565147125
1,4.014176397339401,3.080585914720112,3.5452328912368505,2.902852345247211,3.863771694445692,4.078935016961487,2.781421203750307,3.2631245674150677,2.5596171418809734,4.408029593306846
2,0.7132139880124134,0.6137919506720608,0.6159050323155636,0.6416619539452505,0.6553157029937351,0.6693399159957791,0.6156397859947338,0.6014439193703973,0.6169317214495534,2.666237189743428
3,3.3065909609318584,2.543115840895522,2.9114505347605473,2.5842799648985526,3.2455986506991574,3.522758133095754,2.3324696277456014,2.7113284494537977,2.12923714787263,4.128817543191843
4,1.0599229709240956,0.7430435375895389,0.7179337068169047,0.5067998497829254,1.0705238428390969,1.0935424706098906,0.7488222502667803,0.7821479462662688,0.6530859810555181,1.447555537521528
5,6.784304988613196,5.165450611542355,5.771378507295967,4.6132194339702695,6.865118920127225,6.662143062478153,4.833585009912832,5.543999901081753,5.151677959424501,4.856526197843467
6,0.5671057387217434,0.48786973897674957,0.4952372751591995,0.5761701925058674,0.5789880793450202,0.6929337895499326,0.5385760483831459,0.48943592145326276,0.6085775231274176,2.1187761092975963
7,0.9312666734634804,0.66771861344256,0.8169077360565538,0.9149766709858237,0.8603689337975862,0.8586005456049898,0.6718830644524812,0.7083057622420021,0.9420789349513123,3.046461491964446
8,0.9586688218851471,0.7824866131338389,0.6850095471319736,0.5930301415116779,0.9900765021526289,0.9889478594321642,0.8211791147915971,0.8094030204700241,0.7278239417406798,1.4692860661922447
9,2.541162169314459,1.7665896538670685,2.131533717297902,2.06170375231177,2.3808453561599623,3.036712192295848,1.4866192874978417,1.8067532716253543,1.6519791090936307,3.730590483293704
10,0.9277458624832442,0.6782629748550765,0.8252788641332238,0.9295694112829942,0.8611920203291582,0.8633613074777896,0.6879013715284839,0.720077901634164,0.9786618026045771,3.107335374686949
11,0.9628611576474603,0.690153633931915,0.8487415478956329,0.9492082009370075,0.895003730303499,0.8925122730352129,0.6967825240956907,0.7419526095145201,0.9909552855886784,3.1245451705852414
12,1.889974172104105,1.1462752712425115,1.462387454354714,1.4863750202567776,1.7692138503036234,1.8858497865351294,0.9641694924919071,1.1118386881800673,1.2382273209034491,3.3245796099642995
13,9.811520427250471,7.253068946730649,7.6187501549996925,6.806623631212857,9.657527951633165,8.917088797151568,7.112908770080149,7.63598686385913,7.832936286452536,5.380633221995703
14,0.7100899462427678,0.570361369752117,0.599846293629102,0.6579291378340822,0.6764207250402394,0.6929558192499607,0.6139703144200995,0.6070288074541579,0.6332947971843649,2.5573071569170334
15,3.9034619145462,2.9843420605659907,3.4135257104098233,2.8071328396625397,3.738140485518266,3.955087714417968,2.705803970566946,3.1583594916546303,2.4709515379369402,4.254284701564552
16,0.42978252651358845,0.49792769812546844,0.45842041832148017,0.5541875893691158,0.5541687606214362,0.4989960007026316,0.6081049264263546,0.4572680381572023,0.6037314859876963,1.9462650003665107
17,4.648696158012529,3.441443854561292,4.04143150298359,3.1235802861015127,4.558699838427804,4.658390786871699,3.169268581649072,3.755496628442423,3.0555815403857265,4.406986824351186
18,1.092306841282158,0.7275358113628694,0.9393546103535639,1.027411739675998,1.0619092229286997,1.0459598955424354,0.7199505115177154,0.8225101298592224,1.0318044514922562,3.1501127714849657
19,0.6779283355799048,0.5637058769207438,0.5932454794904483,0.735123733917817,0.6410824679170084,0.6589799665650898,0.6492954607290752,0.5915890082525547,0.696601251358519,2.612173708000779
20,1.0446495631877268,0.7196279693140093,0.7002604147603052,0.4897529205599569,1.05764854106197,1.0799055739729069,0.7246773281591209,0.757420362587932,0.6290928052598385,1.4244013552020034
21,3.8314301929794325,2.9753876983406298,3.4004886513858246,2.835601394957826,3.7076696479332463,3.932419929459969,2.687413834729261,3.1312651645896907,2.4386151602407407,4.393189447118129
22,2.759720596846789,1.9732672583381992,2.3983559230253437,2.269894077468488,2.6537715842126617,3.259514842826832,1.7354233247392234,2.0902065188467254,1.8170112491630117,3.891352733202749
23,0.821096890391717,0.8024378814385837,0.6308921387583672,0.6529370476772188,0.90187099166928,0.7974322844992767,0.901649649861482,0.765712073697603,0.787562012906849,1.552735429977314
24,8.159765746359552,6.146620929196527,6.648365830800716,5.614161235120709,8.13692107055603,7.725514886793558,5.885771007283249,6.538888865562763,6.3855850761856585,5.04471138530302
25,1.0658372196778956,0.7244372855079367,0.7152754871648378,0.4890675303235377,1.0784379689841121,1.1029961635705485,0.7280747143239823,0.76352153758405,0.6289941611099391,1.4455003842618661
26,0.4614981144544612,0.4866917550973128,0.468051388123195,0.5592298099785773,0.5789338761692768,0.5566661638037181,0.5646583333063379,0.4634451249018649,0.611393755258644,2.045755075362833
27,1.6714946218678952,1.0288225742707169,1.314011175596797,1.3684864815364692,1.6230808924314228,1.6539083725704444,0.8907732103695427,1.0294040840835694,1.1878757467778782,3.306844798878555
28,0.9262816182269429,0.7959080911681758,0.6733579078445396,0.6082440093363118,0.9721399642290679,0.9524186618041031,0.8442209628624048,0.8064888736711163,0.7398298175428185,1.497577860440884
29,0.7778522002244511,0.8027853607970474,0.6257309763592632,0.6722281284940482,0.8512050121516626,0.7368649825820339,0.9226641059008842,0.7567647041158784,0.8079874798565179,1.588202158162642
30,0.8407826269961313,0.6438611957927731,0.7614446174122811,0.8671064982612352,0.7698841784419516,0.7895183570543498,0.6579421232343505,0.6609152978507408,0.9209179381104623,3.0233301123728027
31,0.8704941701304484,0.8254698040815683,0.654819647176583,0.6577103595318555,0.9430536086060405,0.8589285197430786,0.9115253049502928,0.7977724393371691,0.7976471125363436,1.570142414293358
32,2.29948901304517,1.4880568521120197,1.8281266875040951,1.8168242029806683,2.0989394595373985,2.4998691023268007,1.2166945197060595,1.4208562092109307,1.4675298591815709,3.609130646763735
33,0.4286189748140663,0.5126665011069022,0.45287406498446986,0.5583762102716975,0.5423878461033911,0.4743387234609757,0.6452700719110795,0.46425371819327627,0.6070863308130541,1.9167849049945667
34,0.5605529974818817,0.5098256783337687,0.49730702225733475,0.6454599261247999,0.5651711285254132,0.6593868400418468,0.578434059428789,0.5164301512756633,0.6786299759580007,2.260377813004488
35,0.8889163676414041,0.8304313557566031,0.6610056669597489,0.6528055526006947,0.9606211636425582,0.8886844683267445,0.9045388297925767,0.808922980617719,0.7908120833220419,1.564734298559626
36,1.0769321637346367,0.7173581003747856,0.9252147054763676,1.014081018270522,1.0454987491214718,1.0294005390550196,0.7100981847081009,0.8079202892319871,1.0153273452022242,3.123856678590919
37,0.7028540158456337,0.6016385150363435,0.6058283880085774,0.6971158098383728,0.6215495787127411,0.6371770919623472,0.6113375074537053,0.5704249438305036,0.6653358334688722,2.848845541763343
38,0.8118582485210224,0.8369217071472037,0.6550713535936762,0.7038558042836837,0.8823416402471473,0.7680724758308768,0.9568169000563925,0.7896176490314368,0.8417419004023466,1.6319479610021808
39,0.5743512117132935,0.5255689276159617,0.5197421132675785,0.6948019798827977,0.563414159973603,0.6460915905519522,0.6026787909863325,0.5442046177818468,0.7221817253454637,2.3610390806833887
40,0.5454787714751956,0.6397137857078947,0.48674526148970076,0.5854151466482381,0.6286623997639303,0.47482083756473076,0.8694849163788065,0.6065246710314485,0.6709125232240608,1.759708235992533
41,0.4408550323555363,0.5206190067762771,0.4398527839733401,0.5335552891948907,0.5347714028393491,0.45762205682040896,0.6943664622257065,0.4769429897588922,0.5792446650211222,1.763201586369163
42,0.49660235020550164,0.5842062802229464,0.4657712568697813,0.5534416525382416,0.5741536877378202,0.4517171089351881,0.7989912339409813,0.5457493778089673,0.6266165533627674,1.7573407464040138
43,1.054497522888684,0.7637625982251315,0.7249701745867032,0.5335056382296522,1.062618022521626,1.0862890294523169,0.7765024826864256,0.8059794992305027,0.6827970247345603,1.4619979040289803
44,0.6183132611587938,0.5193700545143365,0.5556433432479259,0.6632578890699042,0.6134367637051097,0.6647635985076339,0.6103500084475336,0.5521686087076421,0.6828177804236286,2.3499390640161546
45,0.49061606609596164,0.5658129173699015,0.45639701801500004,0.5330180686299998,0.5657706257530456,0.4502190126912191,0.7790525688479778,0.5317525404348756,0.6046389581993796,1.7150342250022672
46,0.6923257770586007,0.6104515024298867,0.6381214857803232,0.7301507780672573,0.6165182765498612,0.6423241565023384,0.6168664043770316,0.5663593398493907,0.7287068559816956,2.8897984773083434
47,7.107352053726452,5.35859751133201,5.92335303077758,4.807402558183861,7.153685634504828,6.879976707600409,5.054566705280087,5.743086457897092,5.4343690705280085,4.730860235731648
48,0.7310366513399826,0.775117320561695,0.5951260291826971,0.6462426738026051,0.7923381295692619,0.6738190975850911,0.9187131499830667,0.7223841862323893,0.7920398359198059,1.5923984508360225
49,2.494556479269718,1.7096514093318538,2.039859124848663,1.9863083377595534,2.297888034566945,2.878284974081634,1.388749379207207,1.664527722307552,1.612326516403136,3.793104487761503
50,0.8913433368034348,0.8085772843737581,0.654004605032618,0.6244004176457097,0.9599072528169914,0.9030778876294415,0.8729074480423171,0.7981742437664157,0.7588148950483824,1.5273288269599081
51,1.0845464997792806,0.734903911033584,0.7310976276856146,0.4938640104033151,1.096633136335933,1.122727710957793,0.7382555373905129,0.7751594816700761,0.6364422728826101,1.4669024099350332
52,0.4868439854102894,0.5846308095698232,0.4669689890170346,0.5641715599606506,0.5660693779819227,0.4518996239455544,0.7896449110777847,0.5370414722642504,0.6373621015467043,1.7956209947506192
53,2.5432737659089653,1.7597858591248443,2.0970127326558425,2.039432015505139,2.3556108766644717,2.991422758931326,1.4504056589800336,1.7507960152509014,1.6468865710925973,3.795512778934341
54,0.9029054481480996,0.6634563149038322,0.8023053671599766,0.9048437620087862,0.8351463258608444,0.8379975292885151,0.672295269854712,0.6962508296976442,0.9473036854178835,3.0568485678095287
55,0.6938944679795728,0.6104055667806613,0.6068506867853102,0.688571813459978,0.6167420609131529,0.6299095188195335,0.6123982582745848,0.568010475234881,0.6659915458130221,2.818076368685236
56,4.517082481819068,3.354991250715956,3.9319009032178736,3.070943671445394,4.395043520147019,4.524252047821263,3.077145699455138,3.6461619054505485,2.938063556351243,4.418973440459765
57,0.6614306815264496,0.5534953111247807,0.5861742107344823,0.7250989841405325,0.6376798677269712,0.6558094648763941,0.6442448367149176,0.5861414718913591,0.6951027820087363,2.5229119948720324
58,0.4648015952876001,0.4826315758010411,0.46915436354716633,0.5517392058689228,0.5798298070185903,0.5642169908541725,0.5570494505534213,0.4624186585882095,0.6019252504686197,2.0279385853946295
59,0.9480111121207755,0.687663816905363,0.8409101185209704,0.9444454418143603,0.8814343073683182,0.8814201442596558,0.6966872627208787,0.7355824730674144,0.9940330024091084,3.129846432536091
60,2.397589987957509,1.612385212550283,1.9374350162407972,1.909265802316321,2.1996616974966523,2.727895268386635,1.3047189598191617,1.5552812621093104,1.5364164959605553,3.6928013509442885
61,3.960011721617841,3.0430913903721746,3.4934630570663554,2.871332602187511,3.8098376484629917,4.027798792576876,2.7495853013987737,3.2185385797820967,2.5196986095194185,4.373818771969158
62,0.44505221550114327,0.563582524805291,0.4591057970951036,0.5962848687718311,0.5527988561895884,0.45409446984716595,0.7399719774900085,0.4987121349831424,0.6465109196347087,1.91113471639694
63,8.76586893850471,6.538892298218917,6.9808318896543,6.035885053317274,8.686445778972281,8.150573239307212,6.325097411239714,6.926922629592109,6.912168140376111,5.074226300703603
64,0.7503109367253935,0.6135948724525205,0.6927293973572597,0.7894380548456809,0.6727057418440557,0.7129307543375523,0.6324229111482131,0.5932489098872274,0.8285768370976924,2.906550766998607
65,2.149090554875861,1.3356470826863012,1.6804804635353614,1.6758258988122725,1.9829945642970648,2.203716650005422,1.114028858514446,1.2838004630264301,1.3847844743631366,3.5097099311351068
66,0.567292120185282,0.49505576881877866,0.4953883500976624,0.6003132674091717,0.5726120901104268,0.6815402093287533,0.5517733607745982,0.49824696976179417,0.6327121905171749,2.170278016605826
67,0.6596903972799737,0.7460895194349216,0.5518824651500187,0.6264276113282883,0.7212673876950523,0.5749665640436423,0.9491034076746236,0.6906130141442981,0.7715145557939591,1.6805682154611379
68,1.0801602316126095,0.7411963893674828,0.728119534591776,0.500085600494399,1.0906197718526378,1.1158389436686356,0.7450401872432632,0.7809888945012217,0.6452503840644062,1.463732904014521
69,0.44791878788234757,0.5452988253538581,0.4484784798943164,0.5586778844165056,0.5453888466287227,0.4543131303589059,0.7263400711122086,0.4939709693264953,0.608501407758674,1.8132717406588257
70,0.860776788685599,0.5466848102327311,0.6259166124626698,0.5671672640777025,0.9778843096748115,1.0397689538273631,0.5730739057428779,0.634783840866888,0.510759188213535,1.2281282266975133
71,0.9500493882680341,0.5697792746875505,0.6435757873068528,0.46701842402290716,1.0229505210134564,1.0556810085493775,0.5881539616596273,0.6341433069700755,0.48808665374459514,1.3415296802812833
72,0.43755915384204497,0.5367677696011778,0.44865274809696587,0.5653233367230216,0.5411601014466483,0.4567501377382195,0.7089779765889165,0.4824581930870907,0.6113319810416745,1.8469561435936457
73,2.068150051611048,1.2688022987957814,1.6090316049099231,1.6111362151678874,1.911623994534472,2.1036877804618808,1.061012644143563,1.22453380935064,1.3331835923140438,3.4410221041629407
74,0.60734947939862,0.546306985880505,0.5659653869964247,0.7280762713044197,0.596149482861237,0.6305338153089577,0.658901578444665,0.5749918826344769,0.74320578619538,2.482331393384787
75,2.442063978452925,1.6632321672496329,1.995232611235087,1.9493846791125984,2.246306358998595,2.841966193240339,1.354658787325946,1.631923882077406,1.5664957332678702,3.7090363909533997
76,0.8688401690993645,0.5502800101514017,0.6312595546756513,0.5653914041510761,0.9851494338946329,1.0489740477113447,0.576279416891207,0.6391250829011482,0.5110380700776193,1.2396551748290303
77,0.6890299230327381,0.5612361284765939,0.5933134743157452,0.6948182868603827,0.6587228191185754,0.6768258694278886,0.6296591998310321,0.5956681314666085,0.6632667656552684,2.5623439594111597
78,0.7773608694043382,0.8281609111904589,0.6359304124365024,0.6940155196798921,0.8307861187288891,0.7097109591579003,0.9771365017982904,0.76819724775705,0.8463609028393798,1.6715640775263663
79,6.1427715997972605,4.653048352473871,5.280346346488065,4.118789684738055,6.2437369542183765,6.101752565302541,4.319458489690971,5.021979496732669,4.54990802855862,4.60040270582809
80,2.8903263198651867,2.1087278875109203,2.545013476617712,2.390141788627153,2.814332815055369,3.372587805062611,1.886931024179064,2.2574388772404568,1.9187549567251354,3.9978305965521606
81,2.327041341194496,1.5397319613540483,1.865226781038289,1.8504914450345376,2.1258854870667485,2.6255532053475448,1.2450459152642037,1.4811034754673003,1.4793085283057834,3.6106340106941572
82,1.7690757538215145,1.0796106133615246,1.3808018933909645,1.4186115266271189,1.6940663681136139,1.7509958620001949,0.921202346621639,1.0624262828269806,1.2038815999250105,3.304985712966145
83,0.7585607772728883,0.615811783897646,0.7001951195898368,0.7992334893150294,0.6797059668541487,0.720543891254994,0.6351883106909286,0.5995818467251681,0.8411206522094875,2.93147200630186
84,1.5858967461747138,0.9773881475420443,1.2516208452340307,1.3239632935223844,1.555982115369349,1.5676694192899319,0.8590951026077941,0.9985109540432953,1.1703082941807874,3.2932996450591387
85,0.7103944378258625,0.5712906955067961,0.6002783444447543,0.6675707906537984,0.6687932840192238,0.6872458107969482,0.614999137220701,0.6031888911924536,0.6387988543312959,2.5994694227100736
86,0.7142849330878461,0.5815330050663082,0.6094505046829777,0.6811237802747847,0.6420624653093494,0.6646480820793377,0.6125584218695173,0.5905647508738654,0.6438678510371024,2.7341630988756247
87,3.2666314127476994,2.5065756676253854,2.8736162054805567,2.5619261105637716,3.2066707458618304,3.4905917028527287,2.300788267690324,2.6759008219391087,2.106213268263632,4.095363287410201
88,5.121702893972689,3.834378150932692,4.510307349822034,3.4456172870929502,5.133702664243537,5.162114729138701,3.5328901135260597,4.189511134050358,3.519856079083568,4.621624688918974
89,0.7258547006677091,0.609752901144247,0.6738614125846897,0.7656176857542738,0.6488401158376849,0.6931346325334186,0.6276806934375919,0.5786452865008541,0.7956326772482696,2.8713961787692943
90,3.869249495695847,2.967115692904722,3.389757948080932,2.7977198960905314,3.710016227672804,3.929233355820306,2.6892770532107013,3.135368427361617,2.4486600128879763,4.260024194069794
91,0.7129370665459103,0.5731404092171904,0.6012441152090536,0.6633001921746574,0.6701473712950412,0.6894607536626366,0.6134588397735884,0.604595465905908,0.6353359530603163,2.5988239620027547
92,9.207858037891254,6.853196247522531,7.266494181608146,6.370461892367831,9.098810647397325,8.486545590121903,6.6673954703623615,7.239868100541916,7.30431106612002,5.224196659122237
93,0.5422503661787966,0.5008642649924339,0.489658763459653,0.616499696918777,0.5713814092880601,0.6537892123600482,0.5710778886004025,0.5025202671974172,0.6519385564391211,2.211354628234795
94,4.53779457163129,3.3763062189751247,3.9603214960736635,3.094272640066879,4.420116628822203,4.548995864452477,3.093580518481816,3.6690257598424307,2.957220887615667,4.4594353041601105
95,0.5406257444901852,0.6249318365047659,0.4709094957123578,0.5575844676000844,0.6198281975582153,0.4706107627479357,0.8395910100076391,0.5928449319943886,0.6474662636506827,1.6819944353342935
96,0.7074329415505866,0.6084627523338546,0.6098521646125721,0.6592095575774577,0.6421378591357638,0.6559216360693313,0.612578771884224,0.5881093018294761,0.6292162259003201,2.7258438499937347
97,0.8921119258027417,0.5495706306206144,0.6344502869950965,0.5338556764042101,0.999849499152228,1.0541041173472459,0.5750399145674234,0.6347603764735907,0.4976146973072443,1.2730154198534855
98,1.7766885229591312,1.108841172949548,1.4026325449761323,1.4439889299014763,1.7212644317267556,1.7622718821598236,0.9537147460963824,1.1036197418601978,1.2566281037108489,3.3997275016788975
99,0.6314130178309575,0.5514760449353519,0.5778289105765084,0.7374677692167996,0.6095032110100449,0.6388645245592527,0.657811012357806,0.578351886071118,0.7305401285634932,2.482622365493719
100,0.7221460588019489,0.7711593957962682,0.5883197076868735,0.6417246595111148,0.7805081919145879,0.6603785884268464,0.9192221479312214,0.7142496167080491,0.7886775334682785,1.59705800393133
101,0.9422608545584013,0.6805158708176624,0.8327527591966317,0.9339545292902431,0.874386398872677,0.8733259391279323,0.6881670913063361,0.7258923522733751,0.9763818260884726,3.101610284029507
102,0.7612179199049676,0.615342145771627,0.697159056427628,0.7947314823201477,0.6854807118863209,0.7191569246188325,0.6324733430203866,0.5988940547150718,0.834319189451058,2.8921585692410123
103,0.45419670946569307,0.563034360684579,0.45602657862173795,0.576397133412335,0.5539036877051191,0.4537184210301509,0.7485020453826098,0.5068304087848066,0.6288794781800906,1.846704720190643
104,0.9391091926690933,0.5624644019912811,0.6425763888822186,0.47978579356812,1.02116680578029,1.0579890403621182,0.5832737013809624,0.6336860814285802,0.4859772960057537,1.3307873380001376
105,1.0683658512626577,0.7910424649320738,0.7431715592919294,0.5620981844139238,1.073694076142975,1.0986604165738199,0.8074504638839398,0.835627652220298,0.7150350857209072,1.4925092774150572
106,0.7153087283671917,0.5849402680785778,0.6102508940362412,0.6690309338832147,0.6469458382303626,0.6682548009256475,0.6107952495482443,0.5941153712121074,0.6352815220889878,2.7104294901725563
107,0.6124266605200155,0.7005183215909305,0.514780068361696,0.5897191949960049,0.678747402429338,0.5312182709543286,0.9091920692936764,0.6511284473252156,0.7221377618754351,1.6500131763336787
108,0.5230629076221902,0.6097372530690487,0.47278615603320245,0.5624194164168139,0.6043480708136743,0.4621157143814821,0.8371054410796241,0.5764536834314208,0.6424267116598563,1.7417977620059106
109,0.6920069233044857,0.6106537432148493,0.6404519302606374,0.7325694162307576,0.6177222654990329,0.6473426642393875,0.6172409784391666,0.5667373730371721,0.7328540009647191,2.8825113943643945
110,2.1345789504954342,1.33034714763617,1.6712265977983758,1.6657562101381997,1.9825951494340042,2.1673350209298152,1.116456693134691,1.2885366001938492,1.3992995561915023,3.5374695121113553
111,4.211318871107372,3.1329813415396055,3.6310163957175394,2.8903442655010454,4.0296830142843865,4.206706492126476,2.865632102019516,3.3735322914906267,2.681579240810506,4.2245570098578105
112,1.0207200115803319,0.7628538424044351,0.7076953221495498,0.5481302884798447,1.032548746495851,1.0527034974514993,0.7821737779576873,0.8048451011470192,0.692824983135119,1.4501246860040404
113,5.447997777813154,4.113589771241812,4.798019957911119,3.6658732159966965,5.511607798557851,5.489249171894476,3.792744361622498,4.476409967270309,3.8516042458435833,4.682921222214864
114,0.5906195156886016,0.5038022665656999,0.5084229394315606,0.6364518691503216,0.5693253949421784,0.6840496779731815,0.5616815923710274,0.5163616378951222,0.6629101336658848,2.2285815400423563
115,0.5554055711407808,0.4896957121689717,0.4915798942944038,0.584151449635837,0.577084095820265,0.6796372783292332,0.5459196086928692,0.49069694962201976,0.6170505378020437,2.1398846474768507
116,2.6436386003601853,1.8641082022801827,2.2758159373488254,2.1713699648845437,2.523790103734353,3.1435090507864256,1.6266011246243408,1.9665812466692336,1.7263011879849788,3.770913669222166
117,0.4886287134404597,0.5946283255825514,0.471791663168164,0.5764380295310797,0.5702641642378592,0.453858207075457,0.7993761600415608,0.542449227797991,0.6498793172447245,1.8222689172241326
118,1.080518001066173,0.7269401507688134,0.7275085299858594,0.48834469867983604,1.0942725688555244,1.1203428531536404,0.730313853333713,0.7671029341519993,0.6276200432257766,1.4620001092742454
119,0.7622416567525004,0.7729121853900535,0.6030250847041587,0.6401661921313249,0.8447156504185782,0.7314283685114429,0.8849573680479004,0.7292876468199482,0.7715450195955504,1.5328195595435439
120,0.6975066546064365,0.605300537766568,0.6130644424142313,0.7113045691637533,0.61260334858668,0.6289786698657103,0.6124816412912946,0.56472673851669,0.6908054604667871,2.880034430000542
121,2.939029032182392,2.177463308150579,2.599028673296584,2.427012663351392,2.8840319383255446,3.352561334921364,1.9776542370021206,2.345409277777719,1.943619515207129,3.970518690430467
122,0.9735096679679166,0.5838059440736952,0.6747251081722399,0.49166973169288963,1.0581940409965978,1.106663123856695,0.6050882614920224,0.6634482306035666,0.4992813838923456,1.377858385950644
123,0.5716035678058998,0.5197188497146171,0.5115395268076547,0.6800773507399532,0.5630529507796006,0.6515547917694803,0.5931636655582123,0.5355311028588937,0.7086731233329602,2.323906052755765
124,0.4333792588018143,0.520638048472505,0.4439039791746962,0.5481840590597707,0.5351351524172921,0.460021994820167,0.6877639563016551,0.4718602373245141,0.5914537460457681,1.81377436901857
125,0.8530082187109835,0.8066005087151388,0.6379920816480829,0.6396224771060981,0.9275819642863689,0.8437289559649823,0.8919696776889794,0.7798488208788973,0.7783287179155981,1.5448545948884154
126,0.6830958259719643,0.6206141696528422,0.608673947424884,0.6731142513474828,0.6191005744101318,0.6264958072574024,0.6176814882785603,0.5703240459924844,0.6538617563580991,2.754240624121726
127,5.026419869524822,3.738317464217802,4.390522946698563,3.3451838535564624,5.025117553189525,5.054428147913169,3.4526347691496815,4.085791938616263,3.4291469659484943,4.45281977722064
128,2.9100608646477704,2.123108707349918,2.56257686148084,2.404075682662606,2.831075263852344,3.4027454275416305,1.8927582678528339,2.266360875529826,1.9374695600491754,4.038644016508001
129,0.49061606609596164,0.5658129173699015,0.45639701801500004,0.5330180686299998,0.5657706257530456,0.4502190126912191,0.7790525688479778,0.5317525404348756,0.6046389581993796,1.7150342250022672
130,0.7576768331675228,0.614662936207972,0.6957783110990561,0.7928794727489964,0.6807562819671358,0.7169685402962487,0.6326267351198838,0.5968787997377875,0.8328659567289023,2.896443535899111
131,0.9996881155012455,0.7668061760937577,0.6998383833141119,0.5608452943927764,1.0181193901575702,1.0324034804202078,0.7921216121289744,0.8071693885273488,0.7019927663113766,1.4506810776490489
132,0.7169708927788234,0.7799102621193584,0.586962848277591,0.649035908627918,0.7690383230275059,0.6354795297200596,0.9454592024895236,0.7157616747875214,0.797620939115326,1.6483809299485068
133,0.949885044403566,0.5744437462683877,0.6664995183540112,0.5087592529746988,1.0453755648046843,1.0998266820138602,0.5971013515040109,0.6582444844951786,0.4996022364048277,1.349974980532971
134,0.4991974917026687,0.5841365219907296,0.4650932060153235,0.5498999568575542,0.5765124525727235,0.4525258491397043,0.8023372247722785,0.5473834197766589,0.6240174002474324,1.7473457041983345
135,1.2828187317894324,0.8343106299859161,1.079559775654434,1.1709331499138627,1.291204911722516,1.2565327586173924,0.7952429033804326,0.9373543963591373,1.16504116842691,3.2651531741871813
136,0.8271779718177851,0.8058337567128167,0.6337457607983473,0.6546750248034051,0.9068753846510815,0.8044518551975695,0.9037754068317496,0.7697282642487513,0.7899817211652626,1.5560031489970307
137,7.662483434524193,5.818265868903842,6.369481036947534,5.2697360613354665,7.686057749675652,7.3679026071040115,5.522665244083512,6.210807153244493,5.950188321855456,5.053975231126502
138,0.5634983832867798,0.5185046384941738,0.504814581530702,0.6729754500700075,0.5629723936539778,0.6502626331419843,0.5919258372792708,0.5306730542149553,0.703918003710812,2.311162872578156
139,1.023336864878497,0.7869456818419511,0.7203484038981508,0.5754987685382074,1.0390255701672468,1.0551235772951297,0.8120250190555104,0.828896475948283,0.7207386990210124,1.4778886603614156
140,0.5821217099765981,0.5141051274499627,0.51422085763536,0.6685668278039688,0.5652892573710875,0.6623227867395962,0.5828419451454286,0.53119630309868,0.6949063211721216,2.304272226720013
141,2.7550740580536592,1.9791043644074628,2.4019534913942384,2.2726690067483863,2.6639166332732427,3.229143001764946,1.764436866070514,2.116999169809604,1.8069783006104303,3.834508150176265
142,0.5928882910894204,0.523251620340572,0.5369140340552087,0.687774245274116,0.580693932582613,0.6537956215584093,0.609043229526723,0.5455428783954374,0.7088108267583835,2.372574916303333
143,0.5262448455002214,0.4886442002624493,0.48469581433041536,0.5773641117022799,0.5826228449781595,0.6537557145994388,0.5509752196208457,0.48446444464375055,0.6150921841009438,2.1398250232226452
144,0.7039362427018966,0.6104868460117515,0.6535987481310435,0.7528269476874523,0.6258943616691499,0.6641141975825241,0.6205085727822114,0.572220734582303,0.7611091270425998,2.9196043410889687
145,1.059113788421486,0.7596620068935088,0.7250008072228367,0.5259392825526163,1.0670821300599862,1.090813259520976,0.7699867445205183,0.8008101824769014,0.6751375751974746,1.4600976980928124
146,0.8593058439995367,0.6476733044865367,0.7708251717298173,0.8737496216169172,0.7903121545409411,0.8006888267242758,0.6585239675131902,0.6666046260681348,0.9184172229491867,3.014264995836645
147,1.565841678475123,0.9605615329759396,1.233614427274251,1.307351256575385,1.5349844980480123,1.546611177622736,0.8448695869497078,0.9804605438963385,1.1512471934910538,3.264840857097685
148,0.6041355783816175,0.5082056935814282,0.5259065204796562,0.6495925296109866,0.5793994768532233,0.6810048664040785,0.5733297701626153,0.5283778676150807,0.6713661975249254,2.277866449283169
149,2.294932817001744,1.4875462083889264,1.8257705984650836,1.8156475198923463,2.0910103806935343,2.5201664084782154,1.2129754743653525,1.4248633384614895,1.4600550349932897,3.592725065094037
150,1.0146559673097193,0.694777296079479,0.8782529731234499,0.9667594452435688,0.9575529195690077,0.9524943194927549,0.69038698491114,0.7640195845265487,0.9733748817222334,3.087973181900004
151,0.7028540158456337,0.6016385150363435,0.6058283880085774,0.6971158098383728,0.6215495787127411,0.6371770919623472,0.6113375074537053,0.5704249438305036,0.6653358334688722,2.848845541763343
152,1.0735564921545604,0.6837185300916497,0.7224440240100635,0.4658583935068689,1.105193628348417,1.1355175773394839,0.690632075044258,0.7296089059038092,0.5742499716195505,1.470095448646006
153,4.26726045048113,3.213356065949829,3.737960608548786,2.9879864167952563,4.106973484625864,4.291255816471437,2.917387062659504,3.448474332757321,2.7367907004883247,4.427076876832524
154,2.4100288297627994,1.6031366643360583,1.936576974507168,1.9110521273401289,2.2047170739369872,2.685706028511105,1.3054714117238455,1.5397748216191731,1.5509620464845477,3.721868629501074
155,2.2385195928784722,1.445893849294703,1.7764662495662085,1.7763147755781004,2.0340795115651433,2.488430764486917,1.1719302836787744,1.3877196628507373,1.4097224895776759,3.51503536971935
156,0.8572301205486157,0.5522371675490656,0.630643356460019,0.5827430880309452,0.9779248035100557,1.0462004104410105,0.5784869697248822,0.642626760249223,0.5203960899874106,1.2218729914103057
157,1.0252814671001413,0.736768224525577,0.6988054030468033,0.5144450718718094,1.0364561557485064,1.0581524471486918,0.7490238716465074,0.7767506609667785,0.6571695981232546,1.4256597051743451
158,2.303896940153643,1.5162743755267405,1.8423286193746125,1.8314540811785296,2.101884205246593,2.594200993742864,1.2260108672192964,1.4581663157466218,1.4601528706161317,3.5834933354787073
159,0.47868272099834375,0.49104090657046545,0.470666350189841,0.56589302464008,0.5860127637998457,0.5775536158567497,0.5696919868391409,0.47114842784717187,0.6250193501116587,2.1079613375082387
160,3.9589975773211563,3.0008437497272613,3.437632330805654,2.803725141310919,3.776237948921398,3.987149197203684,2.728211137347075,3.185449227298361,2.502602185546036,4.20309237709618
161,1.1174754579727553,0.747707694496659,0.9649220870962554,1.0509567153578345,1.0854170607866447,1.0718958905010743,0.7411200940704923,0.8501317301205609,1.0635428276450742,3.206258068762191
162,0.8526267272351472,0.6458457360625874,0.7680793738176386,0.8726001281218544,0.7838110494604686,0.7966747620077208,0.6582696975744807,0.665176823291208,0.9208099613325136,3.0171589110843957
163,0.5493251716686733,0.4921029012895752,0.4900013850767153,0.592051118577963,0.5755345052506053,0.6708198890596974,0.552542121930128,0.49294544299500587,0.6256415997234999,2.1588261933509973
164,1.0803612564902647,0.7019119611842933,0.725902048265419,0.47228750246302587,1.1031256591704541,1.1311234334442406,0.706333441777894,0.7450018372235869,0.59442308674061,1.4689974713044311
165,0.8654296388309479,0.8081145601337821,0.6406086840408347,0.6334672096922387,0.939832952900861,0.8660770793102136,0.8831721430684636,0.7862736962866453,0.769840528586421,1.5363599665596892
166,0.5640938824693282,0.4923059618877361,0.4941515140150757,0.5920485130957506,0.5747305106264748,0.6830390223007263,0.5483586642597392,0.49474007045923385,0.6247233810783895,2.154178909059004
167,0.8427584799066788,0.8336461836413478,0.6582205938622441,0.6868272862077317,0.922251608371686,0.8135953391605482,0.9374363694269521,0.794189273772224,0.821673853064226,1.5982837542650303
168,0.6201722924993416,0.5225747712647927,0.5590275382476039,0.6694930933491972,0.6142870987649948,0.6611742359336348,0.6174629193903529,0.5560910325819102,0.6871518853595264,2.362121176861737
169,0.6355119378693707,0.707180288219756,0.525958257380973,0.5843966376384535,0.698009361910458,0.5609100081791831,0.8880634682946608,0.649983378299747,0.7265032508579264,1.583275406525031
170,0.8184747405156888,0.8292353541638795,0.6510719767876724,0.6914186850080124,0.895986590233647,0.7834711543415452,0.9407050081356348,0.7836644870650589,0.8267245120045261,1.6051916985026398
171,1.8329581418002765,1.1366609015113114,1.4396650641613011,1.471495214348087,1.7605743051719653,1.8174222826416286,0.9697340526172725,1.1205319561760558,1.26265969459537,3.3920702099093565
172,0.952170428167083,0.8338435785520573,0.7014862641508958,0.6408679803067199,1.0013245286309138,0.9724700879957865,0.8861836322163853,0.8395920535620592,0.7760344281968254,1.5509186423039223
173,0.4493800921061923,0.4937552038405392,0.46526687427058105,0.5703348340917468,0.5728458782641799,0.5353662265510085,0.5792305609536682,0.4636266463188923,0.6248770338696634,2.051031234270653
174,0.6183132611587938,0.5193700545143365,0.5556433432479259,0.6632578890699042,0.6134367637051097,0.6647635985076339,0.6103500084475336,0.5521686087076421,0.6828177804236286,2.3499390640161546
175,0.7000470191561892,0.604906738978225,0.6054466289111246,0.6932494478036866,0.6204709175108719,0.634780498831655,0.6108268115463537,0.569745487562605,0.6645344702642839,2.8394996465758884
176,2.108403537268538,1.3002659838361457,1.6398354428517357,1.6467132187987474,1.9334308962525124,2.185261321860203,1.0753654618475021,1.2424201488086772,1.3345046820192334,3.429333753140869
177,0.5910884826452454,0.5242624479446614,0.5356220854742044,0.6893669843413317,0.5782193136183715,0.65309902194779,0.6088100235140484,0.5455031559710076,0.7106690353991486,2.3735217590039452
178,3.063137495574552,2.2919430244635457,2.7309410815107444,2.5343195083326497,3.0195528591854277,3.4957886122580732,2.0764937258647262,2.4598147513098545,2.0494558638420846,4.148645130526712
179,0.4498796329565266,0.5627698144705745,0.4573175333133777,0.5844199203775758,0.5529744361986116,0.45421521853723207,0.7459199860610238,0.5039760096592814,0.6341637791120278,1.86932963899753
180,1.0910247547101568,0.7772186064394445,0.7481669170830301,0.5319720146878626,1.0980387382042298,1.1231821554643726,0.7840406162108216,0.8185215246150614,0.6863930245082438,1.489122210197927
181,0.8559571338486199,0.8363339279734637,0.66085983823868,0.6834480955977527,0.9328311202344305,0.8302741569974558,0.9347061448798664,0.7991099879204094,0.8203891996821009,1.5959223058751963
182,0.4304629318274844,0.5282488716694111,0.4549955808636503,0.5756318257411618,0.5455120350520664,0.4671094613693293,0.6655100137645775,0.4724134698000415,0.6276339211128065,1.9512661354259306
183,0.59889834286337,0.5239898670854827,0.5444360044015948,0.6871707543532991,0.5910585161330769,0.6535639291676266,0.6169835610248461,0.5500603453752225,0.7082645608136799,2.3857671727965664
184,0.5654693245695473,0.6614472526291874,0.4906301720718416,0.5880778294754492,0.6443507867270375,0.48639721779662193,0.8800731491534094,0.6263760318932506,0.684775736608958,1.7328177153947952
185,3.045014231580099,2.2853980474363653,2.7039882419976315,2.499983715148303,3.0022812269483476,3.426265196235475,2.0810788527188135,2.456943793348677,2.0210241100649213,4.064575136519128
186,5.691507420766011,4.312848801165231,4.984610136661013,3.8239334161962804,5.783398582497695,5.717722005926103,3.980224986644328,4.678024683203386,4.101625639971237,4.664740301127079
187,1.0235012369541814,0.8151208932551245,0.7339482614336336,0.6103310550279616,1.0458527635563806,1.0528383978295983,0.8477011388122685,0.853543444615473,0.7543623087204345,1.5114449127063776
188,0.7057434809677285,0.6106343061765149,0.6583982502363728,0.7483183009480254,0.6286873201628881,0.6743649093108345,0.6230572369082427,0.5706644798607091,0.7670906357622451,2.875469904660057
189,0.5038866389686599,0.5935925715382779,0.46990188753172774,0.5586233588757953,0.5822715375024083,0.4541329268808432,0.8141208963592902,0.5555403197224168,0.6339643263823225,1.7635097556967658
190,0.719567392793198,0.5886555858098387,0.6123839055276895,0.6495110197946552,0.6611717854249968,0.6820532685636652,0.610599724916344,0.6043475396431249,0.6223207804387412,2.646794090136865
191,0.7251799961028906,0.6115816771675154,0.6756980194455807,0.7698619328202432,0.6445885537652695,0.692976764238329,0.6281987662680469,0.5806459240416724,0.7973827057237229,2.91164862298624
192,0.8064822386465307,0.8291167356907772,0.6488502310428828,0.6964068823145643,0.8784693686844456,0.7643899573809199,0.9481240803206545,0.7825484654435267,0.8332629081356941,1.6198056300225003
193,0.809534837579173,0.6294414636745093,0.733083970921939,0.8343680321052707,0.739372278750866,0.758933981265537,0.6423327884353075,0.6322054184482776,0.8780346354206312,2.9481094312638754
194,0.7685567755663754,0.8155200164451429,0.6276484242787742,0.682982587647234,0.8252440130884978,0.7055133080331784,0.961195208966473,0.7593505202924882,0.8330558266695064,1.6484570176462938
195,0.9150405235029178,0.8305795128178174,0.6752430794134345,0.6432104346986283,0.9807530470581965,0.925859945756613,0.8942165014210225,0.8209107054220562,0.7796391938025893,1.5556220603045108
196,2.367248473425134,1.5944309654327045,1.9220761098919577,1.889129809865685,2.170914890367,2.7455972126110417,1.292911492860445,1.5573966712580736,1.5065716069545483,3.6288713374549024
197,0.8984199627481985,0.5426907101563831,0.6246846534659544,0.5048762602927493,0.995327784119532,1.036109187443927,0.5679398052931427,0.6207868914098811,0.48447072169597194,1.2806605659549861
198,5.0977574629303986,3.8101440799923676,4.480292244675227,3.4203021668070814,5.106472522243121,5.135075875456212,3.5125552602424746,4.163410685005916,3.496956979595003,4.57942501034601
199,0.7133317687866306,0.5884802003967414,0.6111157506979772,0.6745720371821955,0.6391451370883534,0.6601200052100605,0.6114057976828841,0.5890860018079697,0.6404876392221348,2.7493858046472472
200,0.5860980927976598,0.5326165748808801,0.5395012016035904,0.7074892975287613,0.5762102637010501,0.6421608601470268,0.6240122781555212,0.5539724387028991,0.7292287217832119,2.412130718573955
201,0.9321409665456647,0.823721839525287,0.6854459426979831,0.6331114653636029,0.9877341622558612,0.94990905484764,0.8799040854979137,0.824948891302834,0.7678545965485729,1.541021984002756
202,2.5439108261458845,1.7582853525991087,2.093107799854025,2.033063600014048,2.350650788549463,2.967370150224874,1.4396006638296417,1.7322161249335624,1.6498970463694185,3.823519304086917
203,0.49417363252075636,0.48712461660902695,0.4741693949913479,0.5633664509032811,0.587254642903362,0.6023477295554015,0.5584490542990365,0.47450878224077747,0.6174781389903049,2.115471696251183
204,0.6878886290093503,0.6122364837066097,0.6393056681206236,0.7273378780601848,0.6177012769866302,0.6513125487900877,0.618559064901671,0.565300984278808,0.7307076703261348,2.847117103907874
205,1.022157857325624,0.6675553718533027,0.6771186287449618,0.45617777372471247,1.045640708862945,1.068029231865477,0.6721660387314267,0.7052044222713187,0.5720092233871551,1.3939899821096025
206,3.045014231580099,2.2853980474363653,2.7039882419976315,2.499983715148303,3.0022812269483476,3.426265196235475,2.0810788527188135,2.456943793348677,2.0210241100649213,4.064575136519128
207,1.6714946218678952,1.0288225742707169,1.314011175596797,1.3684864815364692,1.6230808924314228,1.6539083725704444,0.8907732103695427,1.0294040840835694,1.1878757467778782,3.306844798878555
208,0.8677877749187921,0.7867736134663844,0.6332722191322552,0.6060215001502697,0.9394080889608445,0.8805341964560417,0.8518806824261127,0.775667904590728,0.738254795225699,1.4990655963371065
209,1.0289765617719588,0.7039847317529363,0.8913836479876122,0.9795778084643414,0.9727830570170101,0.9676759824420014,0.6991517384054805,0.7775767840781383,0.9892884506143984,3.113583789648496
210,1.0088463904126437,0.6255520967653818,0.6721284196425824,0.44790824825611775,1.0533480015709755,1.0794822311369336,0.6368327671401122,0.6729484516519738,0.527109380386523,1.397802128080655
211,5.809478240953048,4.419123767970955,5.094907373275012,3.922596626251563,5.910554850920171,5.834636731667691,4.0783606540721395,4.786989915095777,4.219768331003385,4.746840243115546
212,0.686812329139641,0.6186917697457486,0.6069174392897496,0.673332559736427,0.619306292514761,0.6285405000003137,0.6162435419064168,0.5710907280860301,0.6529087036671006,2.7622734889831064
213,3.287094489130376,2.5249419145927137,2.8869002745431573,2.563274301087539,3.2217030720477906,3.496113242785106,2.3176614694922835,2.692907950803945,2.1106696664500784,4.091011611503744
214,0.45861904497057376,0.49111529966360323,0.4673288291392906,0.566979140374352,0.578299690678322,0.5493772515313318,0.5725522086311197,0.46484829388763654,0.6211114293575815,2.0635633601948995
215,0.9694364044156264,0.5823049633416798,0.6569078668919579,0.46567643406271664,1.0386539377830752,1.0730877242893717,0.5996117398053055,0.6466694235113902,0.49492851420292905,1.3653494885218487
216,1.0314082627710195,0.7122812985310436,0.896439609917646,0.9863458296637342,0.9702803870802156,0.96654451394408,0.707355355850892,0.7848795826144869,1.0034205014037183,3.142712245331594
217,0.4657136570327887,0.5682742633474371,0.4567095216846707,0.5646315230981094,0.5530138819091494,0.45319051297707386,0.7574548290438463,0.5128595340990061,0.6260016751335935,1.8148054291217897
218,1.733848420141228,1.0830388035276628,1.3705602342987062,1.420521951614358,1.6878278717683621,1.7188015187738852,0.9376959025368441,1.0858912473913318,1.246376504036624,3.393080098581111
219,0.6982656154065159,0.5663033801275587,0.5982018314932546,0.6963023122098864,0.656686866513208,0.6731285682838778,0.6266931912825056,0.5955660512967414,0.6618331196861028,2.622660541193978
220,0.4607056402444761,0.496920938367431,0.4680545553313921,0.5766795926170868,0.5802641223414207,0.5467246531919506,0.5824796545937926,0.46837714808419834,0.6340458416116094,2.0968907821803406
221,1.8327611196062268,1.1067929857126195,1.4170856444204536,1.4466456709557252,1.7237773255709385,1.8193324770729793,0.9342840405357301,1.075974527082349,1.2047271244021485,3.284976976764649
222,0.5619618722537045,0.6609832914852176,0.49544555799586876,0.5973386992033902,0.6437568510031425,0.48469224365282926,0.8872757666460457,0.6263282839460025,0.6885968874117068,1.7617347570242918
223,0.599081169956551,0.5160693178379023,0.5342994804594831,0.6705420901036028,0.5836863715534059,0.6655815686836158,0.5949391218792797,0.5383112383019768,0.6911264830621572,2.334071693593146
224,1.055934109008809,0.7288281204481192,0.709705275392176,0.4950753814086037,1.0677775172014372,1.090892217479333,0.7337320629138455,0.7673451459633109,0.6371618402180278,1.4377185314454042
225,1.5052041322029541,0.9221654880406845,1.1856648017995821,1.2698050063816102,1.4802537331880725,1.48316180967093,0.8165067595823623,0.9490474549325455,1.125142457363036,3.2268256686164336
226,1.0265106478513653,0.6271349936846837,0.6935262171403034,0.45950776745676486,1.0789233178761648,1.1139720569084495,0.6404363530437467,0.6850006830046054,0.5245867903959346,1.4307830187687882
227,2.418057698319134,1.6397366552821586,1.9679405787841036,1.9271823518001576,2.2218590088774652,2.792617432822798,1.329157014649454,1.5960646102696134,1.5491628192071805,3.699928388564875
228,8.217440589655016,6.173934306585332,6.665246114630617,5.645248489226855,8.186204543481507,7.756671909089946,5.9199710101977585,6.565108950605823,6.432834665230177,5.007841351257971
229,0.48923036610106235,0.5843480385313143,0.4670611366666513,0.5618396177116115,0.567970438388591,0.4511302618821173,0.7917671904288407,0.5395868088000743,0.6349666766042507,1.78576399202785
230,0.7127926182648279,0.7869353348308221,0.5881534528038783,0.6546282123236178,0.7661690187364523,0.6263862456542578,0.9664216020244676,0.7222959717097289,0.8071069631706131,1.6829769473219358
231,0.6307122205898182,0.5297136080445067,0.5675298692863853,0.6829670734379304,0.6219261556430916,0.6609627199950457,0.6272083495229674,0.564349919957856,0.6901317917406006,2.378024471690983
232,6.463874725334033,4.939527498951466,5.572497268876932,4.397405852299482,6.568087504061332,6.409471520844794,4.5930521545283,5.314797577534602,4.860241251424785,4.858948221836709
233,0.8779491801661935,0.5664388310870349,0.6494763492418796,0.5880728369381014,0.9994666937493871,1.0777342940737875,0.5915089203088714,0.6606623295050583,0.5273330280317109,1.2515684713021922
234,2.8386760747135824,2.0460728828451726,2.4785656051892304,2.335459361745673,2.737796613449982,3.3460461480370074,1.8002501597510445,2.1653932693951194,1.8832148048210868,3.992924054442467
235,1.040508803065556,0.8048990718785018,0.737007126864628,0.590460248036088,1.0554402123801896,1.0715710509240417,0.8307331354358657,0.8476516067652883,0.738298155985956,1.501249964206544
236,1.071511228303295,0.7754960639717873,0.7383333977397549,0.5396170827036755,1.0782168377960584,1.1027788707257538,0.7872078682308763,0.8183044099700356,0.6920420880172606,1.4792891908271475
237,2.1341582063455977,1.3242177313706127,1.664462653895082,1.6724604414306548,1.952326831633412,2.2323082713344884,1.0922614786101026,1.2650112907162383,1.3506706969128373,3.4462865731874794
238,0.9607150423621724,0.75160211614788,0.6749216392047922,0.5585412661945919,0.9882533387883977,0.9931235273203732,0.7826273842472071,0.787506049939401,0.6926482205723594,1.42736898959606
239,0.6517499767282793,0.5486950836288322,0.5812381406163809,0.7218213666369098,0.6293568218857664,0.6506051122573109,0.6427711042247131,0.5807444100427013,0.6996880805517729,2.4772717954120864
240,1.020879451525402,0.7138298428625299,0.6863247483596128,0.4904919941886037,1.0352283200826695,1.0556852724342562,0.7205353168800277,0.7503394894574634,0.6281270095877965,1.4036786018413807
241,1.0206171381773874,0.7403181454049511,0.697991397753446,0.5214649056854915,1.0314192845597887,1.0533148534235135,0.7547031226746628,0.7810526287420808,0.6641954375890136,1.4274709905840632
242,0.7846435629317284,0.7992716397088229,0.6243733647312334,0.6659413385457282,0.8627443570749174,0.7494815687041267,0.9131933008387191,0.7533999584089148,0.7995519077821809,1.571437694129992
243,1.3802893679741544,0.8627829839917972,1.1124798573477215,1.2122199572841976,1.3822927062905972,1.3541311352940253,0.7933744915829586,0.9260533852302857,1.1306127085639368,3.2055748665954105
244,0.44651678846381015,0.49287384850716887,0.46427348120996237,0.5674900950835355,0.5706311668351878,0.5320568806932852,0.5797027042682873,0.46206865843476636,0.6215985213442398,2.036560505152567
245,0.9310795361359734,0.5646657534463098,0.654453104648496,0.5133559902441384,1.0297297776735963,1.0828628591981309,0.58832559465498,0.6483436473686778,0.4966928787812459,1.325154722956556
246,1.0058606986579839,0.6862111358656198,0.8687213254044994,0.9575856970420843,0.9512772988318646,0.945475277998468,0.6824515846366678,0.7538858265127177,0.9593754139250519,3.0609016939296003
247,0.6865331810358279,0.6138901842399729,0.6100397680928759,0.6867698916403103,0.6153938445688519,0.6260334314209881,0.6141550310647476,0.5662357280580285,0.6675682732668471,2.801500660484658
248,0.5461848912235275,0.6378376899532889,0.48339095906436197,0.5797421081041241,0.6280230908765491,0.47474281945960073,0.8639536743402771,0.6054119393789074,0.6670242003539426,1.7388092758514773
249,5.121702893972689,3.834378150932692,4.510307349822034,3.4456172870929502,5.133702664243537,5.162114729138701,3.5328901135260597,4.189511134050358,3.519856079083568,4.621624688918974
250,1.8544445592060335,1.1406187207232596,1.4476151628221343,1.4737595617189654,1.7657803864963069,1.8368224727009699,0.9689009154878124,1.117528444788556,1.2529921721232242,3.3715486559933545
251,2.5675849425031734,1.7848299454304117,2.1256106448324767,2.064044544782845,2.385176529876403,3.0298667002662105,1.4758399838409517,1.7837091654436352,1.6682296951680369,3.8145257565424404
252,0.713312672892707,0.5847503331175042,0.610494537404315,0.6866455597252075,0.635056492759134,0.6572570800673302,0.6125051757374989,0.5863909124207836,0.648921519389629,2.772753622636209
253,0.7128170412394862,0.5761722020937469,0.6074404972667804,0.6943629567852643,0.6407136116369284,0.6644361192089764,0.6166667272939447,0.5898691809453009,0.6547684958640958,2.741011538064773
254,0.43049683332448396,0.528372584845315,0.4561055474637856,0.5784077215629789,0.5474342155067715,0.4691832387338027,0.6618918252227277,0.4725401891345304,0.6308757217999248,1.9643435274593102
255,0.5948833219621068,0.5247719143950714,0.5417834051185378,0.691707458151142,0.5858714185685004,0.6512393455942445,0.6172249219438805,0.5496917736035993,0.7128423396696276,2.3880580035835464
256,2.6179574401842194,1.8351106235364303,2.1843406163759096,2.1099121253687065,2.4434936599977126,3.102197352994766,1.5250971390023227,1.8454752558109373,1.7129732961697592,3.862134037792217
257,6.026569143750285,4.574515118771202,5.219062730739491,4.050121475763212,6.13155566176199,6.012017714368275,4.236582848974411,4.942864071928351,4.4381793786616885,4.648971821863118
258,0.5623206674348741,0.5124088735297458,0.5000050675178793,0.6548770136323154,0.5642721381217023,0.6579480502525915,0.5821204195628598,0.5212557516306981,0.6866748768881265,2.2775673079456107
259,0.8044361362636044,0.837648108907069,0.653490293741465,0.7049871965852267,0.8684448181177511,0.7527548404022011,0.9660824490880019,0.7883076237126064,0.8470322239993248,1.6469281810560759
260,1.0651074360440265,0.693466598007519,0.7131230160053587,0.46803774065864534,1.0877237382043876,1.1138636517066298,0.6976802064803298,0.7349843753075124,0.5893078631735639,1.4485180703745226
261,0.9047962158186672,0.7701201494446911,0.6516653267692477,0.5870159998528334,0.9510877705953373,0.9329837164401222,0.8175681829306511,0.7821193488022041,0.7159706462875598,1.462194717190398
262,1.3080677992447907,0.8509396098213315,1.098953286862946,1.1903824907111689,1.3186022096507637,1.2831525255594376,0.8076031687037966,0.9536868255805868,1.1825730615852432,3.286772260775259
263,1.0028320103747552,0.784489339165425,0.7099213994085601,0.5814702100754863,1.0247020060100454,1.0338902458050456,0.8143344934240281,0.8236201497620754,0.722497817375745,1.4723842375121818
264,0.6495754849186434,0.5389931661475676,0.5765053060822238,0.6952164772231453,0.6331835922547174,0.6609697885742767,0.6303545679128311,0.574756995587992,0.6822476618928707,2.4051965899818355
265,1.5194780810153565,0.9585684160954674,1.2169177463775855,1.3114102697987648,1.5155397120869596,1.501523982624829,0.8587908099117648,1.0072290518542926,1.2059716400703433,3.3293081176454784
266,3.7546987442427215,2.897484432218369,3.2957117568726817,2.7500501220857756,3.6113358164015334,3.8336580151204864,2.6283598807123516,3.052377523480788,2.371929189122577,4.235787445746852
267,0.6903605577766261,0.565443123168606,0.5969347948192422,0.7147101490840462,0.6500560041230247,0.6677159939061041,0.636063785311538,0.5931019800282685,0.6775811783021716,2.6245206645852464
268,0.5107858811069089,0.5020793281602433,0.48278482969944975,0.6101007783484946,0.5796243620595265,0.6252127508956974,0.579055293577802,0.49588698566635275,0.650645870870499,2.2124621734882557
269,1.5815254898752942,1.0003634468144431,1.2630607718766895,1.3510122516760947,1.5698250911178282,1.5657898877814775,0.8870024078203395,1.041893498419336,1.2327907199952655,3.3762437243864256
270,2.3060890944149146,1.5147873117704937,1.8426711212871976,1.8316806583064167,2.103063323311822,2.588763856774667,1.2261867206709056,1.4563042439002838,1.4620968307803814,3.5886731991776317
271,1.0151596854877667,0.6346343007245259,0.6753005786084362,0.44816125980713706,1.0557059007406622,1.0814093759091192,0.6443387380549345,0.6794957002678913,0.535154617107777,1.4019947732993916
272,4.783465391102181,3.5506226468146704,4.1787271794675345,3.2143274469588334,4.725532896236644,4.804411926283382,3.2700125463640117,3.8795629414750863,3.182870800549859,4.4791930744696025
273,1.0645356393843068,0.6749889833547655,0.7152406280703024,0.4624797034029845,1.0980483857932124,1.127906664979947,0.6826634133602466,0.7211343394280155,0.5668144952417986,1.460232175471332
274,0.7100861369944682,0.607854760746543,0.6117149885854481,0.6544201634517688,0.6457537863692716,0.6607796659439175,0.6129155758630527,0.5922761304367519,0.6259162462146083,2.7084801320553784
275,0.8503878138981404,0.8283725010738975,0.6536892440709359,0.6749108611019454,0.9274690934761468,0.8263598490002864,0.9257304130904149,0.7919558010659413,0.8117622486073164,1.5848026616083613
276,3.2288632465586926,2.471455591236896,2.8473615515903234,2.5591636757176977,3.1766699974157877,3.482571576094949,2.266367659100103,2.6426312964961363,2.0979250277325385,4.102776934222327
277,0.47057768491813035,0.4862339972731719,0.4695413246553091,0.557851531527891,0.5823308855016525,0.5672800988220179,0.563172090922788,0.46518950640992107,0.6116303361674825,2.060529782721125
278,0.7317313810349083,0.7647253939042206,0.5921938522977827,0.637941201509344,0.8009449343594713,0.6857751141016225,0.8953328511886458,0.7185368243937426,0.775747081252151,1.5556932453139276
279,0.7026918709444883,0.5687598056927877,0.6003451926157479,0.7012802262603659,0.6528250481854654,0.6709271678635833,0.6257388502042307,0.594276518169245,0.6642856371654089,2.6645831312119435
280,0.7378535852723717,0.6125230544878507,0.6856947276524822,0.7824330792065953,0.6564805756431554,0.7041156242484504,0.6312060847095304,0.5879226613382739,0.816395394777154,2.9266698633951145
281,0.6046735727161707,0.5199032218695396,0.5453096583324947,0.6751813840825232,0.5967607987763621,0.6607494818466897,0.6098392876282235,0.5471903007236492,0.6964600927014578,2.363883224748892
282,2.354623607318324,1.560545202436091,1.8886337093273797,1.8700870555435167,2.1519806327457665,2.6458779135455437,1.2642833765501353,1.500048078383671,1.5023474790167586,3.6472132801252983
283,2.330107193910766,1.507334698551529,1.8508311005095794,1.836911061934971,2.131929155924616,2.4973034127323794,1.240660185864056,1.4390231047708797,1.5015139499348362,3.6577881043467637
284,2.018606270983246,1.2462975934534164,1.5725470225534322,1.5825312274441727,1.8845963802126953,2.029069871884282,1.0460474239009616,1.2080525056271791,1.3294468690552161,3.4486884686424366
285,6.666793449721699,5.042784666998883,5.6381789463840315,4.4917978306536055,6.74266953045332,6.535121077640501,4.7200825759003715,5.4186153536722035,5.0353122701887285,4.679965689860704
286,1.0618077426835197,0.7236576188707701,0.7121115771887425,0.48924188528282453,1.0743798640555782,1.0984881940557325,0.7275300194215283,0.7623884505813424,0.6290851765404181,1.4414177104767523
287,4.53779457163129,3.3763062189751247,3.9603214960736635,3.094272640066879,4.420116628822203,4.548995864452477,3.093580518481816,3.6690257598424307,2.957220887615667,4.4594353041601105
288,1.086798026354509,0.7107883447869185,0.7315969499329783,0.4767200937060239,1.1073014178681182,1.1353111561333527,0.7146157689627229,0.7535035454664459,0.6035223083572145,1.474647635327801
289,9.050977940082769,6.765443650607534,7.196236395841517,6.2700266877593505,8.958078919962594,8.389336042522594,6.5627190342364665,7.153964096746054,7.172158444376361,5.2383588355921855
290,0.4694948867625371,0.5442544535744062,0.4479362112113231,0.5267284287096387,0.543703222851283,0.45058249021351887,0.7375263814903628,0.5030410530388824,0.5943246575109876,1.7269519095818129
291,0.5116243945533997,0.49546233868555745,0.48183245995741314,0.5933243895834183,0.5818089542099758,0.6305318738831652,0.5682538974162794,0.48899074751379895,0.6352111786678583,2.1802724902632495
292,6.295556036873867,4.760964964637119,5.376410246947406,4.218517487990494,6.387806615264786,6.22420107593455,4.432434537284129,5.130212016979374,4.689493284037686,4.5968087109332
293,1.0570274134781925,0.6657217952248536,0.7099370634619672,0.4598732205494097,1.0931639151831172,1.1231149723572376,0.6746959866487597,0.7130924098843582,0.5585345078169346,1.4531908864395289
294,0.6551678876449568,0.728732961567105,0.5417652107043307,0.6033886040251852,0.7155168987334868,0.5768518802911992,0.9110133969796448,0.6697030676198663,0.7489252514336072,1.6137107843277918
295,1.0442425985124146,0.7827800566119907,0.7279558965410147,0.5621474955806008,1.0535816080940836,1.075301714829943,0.8019031841202893,0.8262519778090669,0.7111867912149811,1.4771529387707092
296,0.7057284577692613,0.5688457237390022,0.5993320371072781,0.6813931184816386,0.6620748965414122,0.6798727397978812,0.6192213338578576,0.5988549140117925,0.6493193494050622,2.621448221802583
297,1.4033833672182245,0.8873611685610236,1.142008293693503,1.2370881748416938,1.4100606979979984,1.3798165486228693,0.8203198876088484,0.9626238256110475,1.1734985070329444,3.2665614251763024
298,2.471070818214004,1.6844769999979938,2.01138236733608,1.9674645057398368,2.2748310234995506,2.8254999191193675,1.3666964956373417,1.6285049270867928,1.5965006168592106,3.779092382163898
299,3.2742043965132828,2.512496111674532,2.9096876387359654,2.62214307143238,3.2365424991562373,3.563216678753954,2.2960988113748377,2.6844490216570134,2.154043927201459,4.21897132152795
300,0.5017861065516829,0.5839558459376355,0.4639976995044629,0.5466543627396037,0.5788374736133182,0.4532294481182776,0.8038752310167834,0.5490540736715195,0.6217637695197419,1.7373141951839155
301,0.8569402389079722,0.7715646209877348,0.6231472980075659,0.5921362336577962,0.9289954340900686,0.8722024670406057,0.8355419571417037,0.76254750597053,0.7223252179465872,1.4783089964520304
302,2.2069825101541967,1.3978905863595603,1.73676449642545,1.7395377535057481,2.0100998456370545,2.365947953799153,1.1444664036678591,1.3328109124004495,1.3966450767802319,3.5075355557788646
303,7.837141624376988,5.937930555857912,6.47415186823576,5.393881505821612,7.845188028911007,7.498287708424694,5.6539215600408435,6.331255469156112,6.104782589889407,5.061891209279716
304,0.7433586659515533,0.6167096616037808,0.693090334445084,0.7972309850371043,0.6562055456863038,0.7080613510659338,0.6338777039277917,0.5942755821381015,0.8280622204186537,2.993891694123677
305,2.5758627144085025,1.7996118470575455,2.191615692937985,2.103943737534663,2.4338738071912105,3.082533713579392,1.543565635281052,1.872712304311212,1.679695821961224,3.731942415074481
306,2.2281571205606445,1.4059270211891306,1.7503531010787423,1.7407256671554194,2.0543754729203587,2.3058565757823004,1.1690390050268562,1.3471829767594035,1.4397624148845445,3.5808633618169563
307,2.1339682636390704,1.3232233439466567,1.6635997972399668,1.669931664215306,1.9538785970047232,2.2246171441711606,1.0929667006826298,1.2641607961855321,1.352274019103118,3.450789778523882
308,0.4962345022613711,0.5935635789911142,0.47172247620502356,0.5685222671543552,0.5756155285881656,0.4525450828461737,0.8059796611095386,0.5497799745795012,0.6422133855571882,1.7919656070050343
309,0.7063647726610737,0.5695467834470003,0.6001123628695878,0.6865105669886021,0.6586861850466383,0.6773754696267786,0.619956830049376,0.5971943599796095,0.6525460192255935,2.6426910911290546
310,0.4826844146989635,0.4971856096800154,0.47218563993677565,0.5810339305770548,0.5863212993888691,0.5797576011403855,0.578160056949974,0.4786529453540539,0.6405696669996291,2.154876452348473
311,0.6941536052908278,0.6086302848454468,0.6085996968968733,0.6956960879918164,0.6145377923962614,0.6286746700684673,0.6121729969751889,0.5663563139799157,0.6740198618435017,2.8370589072859675
312,0.929044168123287,0.5657980206112398,0.6566217173301195,0.5213638451135144,1.0303676141741402,1.087622415683139,0.5896358570900311,0.6516891552936686,0.49957256317128285,1.3226362553658297
313,0.591656631844718,0.5292424977612391,0.5430083656921894,0.7016710705526209,0.5833113692516061,0.6454797363857628,0.6246622693317803,0.5536841506608889,0.7230019215249519,2.407995839024182
314,6.435127566374477,4.909696087492034,5.5395913416884,4.367627196793212,6.537915254630954,6.378436127898979,4.565795143629916,5.284153172558223,4.83189630369365,4.815093252755856
315,2.8477181639114733,2.0581832694536453,2.492709230119787,2.345972603997095,2.7551143033913736,3.345050357726915,1.82214781057968,2.187515683850799,1.8871243802073854,3.9828820433373124
316,0.675425138503347,0.7507848600086702,0.5585747587544279,0.6229928537927119,0.733678838455593,0.5935940804967232,0.934230971210385,0.689922524054877,0.7716569977980368,1.6441556338557775
317,1.0919888684261347,0.7434542030055132,0.7376335490046176,0.4993982657860077,1.1027414021431057,1.129294622453472,0.7467198463242595,0.7841013563353973,0.6447968258099998,1.4759844158842035
318,3.039606105254407,2.2707722443323317,2.705750500739613,2.5132924441737163,2.994236157793391,3.466337748787841,2.058941704033499,2.439096897946067,2.028651965537509,4.112323458280695
319,0.655980480699198,0.5525348436421473,0.5843804918770232,0.7306400984533766,0.6309438684439995,0.6499758942824888,0.6460290230182376,0.5839958728750925,0.7021677977415519,2.5103229911543172
320,0.9826999600505602,0.7765947425701069,0.6966848889322369,0.579516476746207,1.0089349248573376,1.0137975033691862,0.8088617863220611,0.8130540225367786,0.7174685375233414,1.4605165702383862
321,0.5234552296366044,0.4794653249035452,0.4839686199468264,0.548598219931472,0.5890375607440554,0.6526628797245543,0.5365499004199619,0.4755723201400868,0.5912953546243078,2.0839858606786543
322,8.39795196264308,6.295335574039385,6.770244136463331,5.774168468193375,8.350919660237851,7.887377370965114,6.053854526928547,6.685761685609766,6.59156715600918,5.026049198442595
323,0.589566710751927,0.5019599250712464,0.5058127278093694,0.6287979115477125,0.5702761382487949,0.6878362428761204,0.5577379415118932,0.5124414250898968,0.6558215097215894,2.213570738295874
324,1.3991474250434863,0.8775868806041411,1.1294901954445549,1.2279700694311497,1.4022449087349909,1.3740653316525242,0.8063955560212299,0.9431684505837873,1.1493015744756263,3.232689095461863
325,2.231001704868972,1.4185126029080488,1.7590976566159915,1.7602983292268806,2.0374590010372886,2.3834835729883475,1.163983850648151,1.3547594687331048,1.422495862946229,3.5410237020732884
326,1.0401891591453287,0.659866578404425,0.6941183987606508,0.45515770954772233,1.0742472182762532,1.1008496360360265,0.6668979622931082,0.7033365254956102,0.5563154847687792,1.4284920171791438
327,3.3889165450361185,2.617167534734002,2.9899782566918076,2.6290935066762624,3.3242224438331727,3.5893020381302208,2.395514053843198,2.7823888975667135,2.176413415205026,4.196285082930067
328,0.8794716807159264,0.7731508565219268,0.638027274799566,0.5904906181716703,0.9410401891649652,0.9001967276796708,0.8298946596835683,0.7731652578022068,0.7193921556062886,1.4744917382607894
329,0.7245466335983253,0.7700620114458206,0.5897544098726052,0.6413648184740677,0.7852089044686369,0.6662936093783619,0.9152907513564392,0.7162713168442069,0.787446782359464,1.58909192276201
330,0.43564972861640455,0.47935945219463716,0.4627183573031982,0.5342682126365633,0.5586771031634538,0.525082772281826,0.5754690771556819,0.4519974188548364,0.5794018039865529,1.919498649390507
331,1.0460157440811404,0.7222095462821281,0.9098504704450415,0.9996649705500276,0.985738415861667,0.9818650094348088,0.7170569826678049,0.7989424705868151,1.019818137603241,3.1682695359156376
332,4.2060802732562514,3.194804214065725,3.707543359834738,2.9870334529144373,4.050467914892764,4.24804361597744,2.8894960322959027,3.4099665620072197,2.6963373546992653,4.471423188220043
333,0.49476315183376585,0.5748697844620829,0.46059970800007133,0.5413662685016527,0.5710170802141246,0.4512180001480001,0.7906286012965082,0.5394400220898214,0.6142423851498278,1.7311886121719053
334,1.008384635550123,0.6104861998749816,0.6824163936868978,0.4621039313864849,1.0673271464624152,1.1035290071431472,0.6254353633048142,0.6722327223671167,0.5123743121603999,1.4110932065712865
335,2.4174448826033106,1.6399263625383318,1.9695483285695596,1.9279461289246302,2.2208709275547642,2.804013112272839,1.3318397502017008,1.6030841536413754,1.5470395381949733,3.6884082701162177
336,2.8940923249931028,2.137984621233505,2.5507036007321995,2.3872260389844,2.8355366896383716,3.2949867973401665,1.945545623403803,2.306292579904447,1.904918876233509,3.898168872145606
337,0.6340111327864261,0.5333530523800709,0.5704006150454585,0.6903486588746345,0.6223186092190872,0.6595353655291,0.6307227106506661,0.5672056078013364,0.693083063346534,2.389056362419823
338,0.9758105183523544,0.8005253412268607,0.7009886784248148,0.6079729226168659,1.0054499414598272,1.0051184114408835,0.8395190308879555,0.8274337402827405,0.7451352709355075,1.493571128838958
339,9.56166658065516,7.109398069530778,7.501587055663335,6.641996488060793,9.430822121525866,8.75926469045513,6.944659757013475,7.495285981468617,7.620334935892364,5.368813410254665
340,0.8149776983324482,0.7989142512452043,0.627907743680917,0.651173338979438,0.8967832049296363,0.7904286094891334,0.8996155755419275,0.761717659503579,0.7850567650760945,1.5497861358565224
341,3.920492447735424,2.982892794404265,3.4117064140615336,2.795416182585311,3.7445199331366705,3.9584700036010547,2.7090300968790992,3.1624099806556143,2.478641341877923,4.208581462514196
342,7.198046444126552,5.453573648195926,6.025161096604615,4.90112499778499,7.247316655463003,6.977896480661015,5.143793761805957,5.8398144248371,5.524366553019785,4.864242867303571
343,2.6679975136423875,1.8857686355814738,2.299489907380354,2.1906214893754328,2.5484127004996737,3.172008820561207,1.6438161130113755,1.9877326837249278,1.74692635033903,3.8058192217017286
344,0.661965418133122,0.5494002697938049,0.5843107177926792,0.7086596955564444,0.643363781828438,0.66202133952453,0.6361651005404385,0.5853169751997117,0.682384640611119,2.4830456811672645
345,1.0613606764832573,0.6760238562523233,0.7118077467995823,0.46202731973955385,1.0932555051312578,1.1219262862519583,0.6826728631288957,0.7206835908497901,0.568901267018952,1.4542297706104446
346,0.4926400089399166,0.5889024338982052,0.46943488471310696,0.5652240839548508,0.5718431281648994,0.4517299209194183,0.7988660947002967,0.5446841572038674,0.6386024609656318,1.7889431725103475
347,5.130763046288955,3.8237482817795128,4.478784639372823,3.406702008907234,5.150141700261053,5.1594932199133785,3.5335553171817233,4.173976471801138,3.536099106725652,4.441704943492141
348,2.578486291764062,1.802347467174954,2.198027886029846,2.1084966430527285,2.4400221476070114,3.084051083433054,1.5510461405100406,1.8808702648737001,1.679823188395337,3.727140426823994
349,0.6536554557884416,0.5534253019068662,0.5841130614344222,0.7352292604237526,0.6275137933437795,0.6470843750093279,0.6488316299248392,0.5837266489516049,0.7076532916688886,2.5136707368573488
350,3.8740804548732064,2.9892456347962097,3.419298542457294,2.8312759397360687,3.7313301709749833,3.9529957294132467,2.7029604684109976,3.15279522787704,2.4606783707570234,4.3442919702493
351,0.48676764225528757,0.5569717574929397,0.4524870851991006,0.5248868225869926,0.5607717929150783,0.449552089161021,0.7676033426781079,0.5243223036244156,0.5952144603505355,1.6988777703908169
352,0.7402533780525778,0.614846964545105,0.689596623087051,0.7892418465874931,0.6559778473331797,0.7063805918169166,0.6327702883625776,0.5910057677964944,0.8212909682501126,2.9609079329660513
353,1.027037079354602,0.626416891015404,0.6947867015896405,0.46086781336331406,1.0805037109048867,1.1165705852945695,0.6399773622200063,0.6854561133061077,0.5237075122702339,1.4322519111366858
354,0.8560918702870256,0.7759612560206073,0.6230813873706982,0.5969949634865861,0.929309139132019,0.869363124986967,0.8414693436730659,0.7645057997259065,0.7280739907722673,1.48494057769708
355,0.8844541658100386,0.8097994431204072,0.6492077112871821,0.6276278593619148,0.9553081337751653,0.8935146738081748,0.8767194494531777,0.7960771319817589,0.7628886551502629,1.5310933318227722
356,1.9923452550358403,1.205614444008493,1.5409567455900215,1.552759844546066,1.8408999746387342,2.0190057589241763,1.008394236164236,1.1650253727391247,1.2776505452313756,3.363331471007849
357,0.7107595260492838,0.5725576553273732,0.6019136397725768,0.6820521570681018,0.6565218230826275,0.6775354325560368,0.6162673275158969,0.5970332547836146,0.6482743421016479,2.66142831659895
358,0.5223020215551698,0.6229140004581074,0.48470912697619556,0.5826020283570793,0.6033581271988775,0.462004885138685,0.850997420211436,0.5829647581383282,0.6623894045523506,1.8015941651820404
359,3.9261215830764846,3.025903605086895,3.4693787526609356,2.861896246565331,3.781913859880687,4.002165696104553,2.7333518789721873,3.195290616933302,2.497927156217748,4.378978623409284
360,9.080136679453854,6.75661694334723,7.176174973822853,6.269429005184557,8.977858193760213,8.384280653060472,6.56422064182273,7.143428597203213,7.189116363075391,5.163342609314734
361,0.9444107160445223,0.6657507132721004,0.8211153874580588,0.9146918916954075,0.8739505948011298,0.8723864042478562,0.6648962657028574,0.710325125617149,0.9234189155037773,3.0178988088362404
362,0.704054131077238,0.6150478077773132,0.6083547998244757,0.6557599733754801,0.6422050346031095,0.6532431608800654,0.6148082960611984,0.5881039716447832,0.6273601967236212,2.719196878436626
363,0.825599397949627,0.8144366394816037,0.641431121714796,0.6680108754098756,0.9068373867188564,0.798501212589693,0.9173311506840519,0.7759144275788096,0.8019292108006839,1.5725724470432074
364,0.884135339278329,0.8144845662989388,0.6498924207093646,0.632886048138813,0.9555668155376267,0.8909253371888131,0.8829992230343667,0.7984336232857526,0.7691969340942587,1.5386326585018701
365,5.339738328684105,4.014425721012152,4.690531602525678,3.5768273382959554,5.389404307974239,5.377768382506129,3.7035007667989084,4.3734609479569455,3.743518085694581,4.602165703523405
366,4.972583328842295,3.7056229331476738,4.363154041234869,3.3377387574318877,4.9569024744866175,5.00520551990695,3.4147790195027437,4.0513040125252555,3.3702094832638405,4.547522993675872
367,1.0820056260614572,0.7109119459154162,0.7275093388737779,0.47690091528424505,1.1012182851211927,1.128642948031717,0.7143844137376829,0.752611962616945,0.6056215387482646,1.4673309367733194
368,1.4443828767434133,0.9108658097327318,1.166618247277063,1.2632110940759338,1.4484432754338126,1.4212031941784042,0.8333912438647626,0.9771482468764587,1.1843152240242774,3.2844891203780766
369,2.925568554625347,2.16938065011169,2.582786468623135,2.4110787584939963,2.870805284958401,3.3208729545263145,1.9754841477728915,2.338987460779507,1.9288591813454055,3.9309072487886496
370,0.856569764550567,0.8318392065639066,0.6570117499063557,0.6764571243269951,0.9325201562433112,0.8335221615286535,0.9277302684296597,0.7959854958818529,0.8140161669777691,1.5880204933658097
371,0.8483657610758788,0.8415970325833376,0.6649534191029546,0.6954228722816863,0.9273451091814673,0.8180395868441492,0.9464385998180326,0.8013263587861212,0.830407251788162,1.6096476595684663
372,0.42921352679631064,0.5202909190204553,0.456222436111236,0.5727543339480884,0.5481865335163889,0.4750307893781971,0.6482311504827176,0.46810660372190127,0.6235287340680031,1.9603905225477578
373,0.7609893364471321,0.7878638192163963,0.6126208412469055,0.658556435511295,0.8346162018286583,0.7200048748561407,0.9087113588443089,0.7418655215187255,0.7939161982498402,1.5708695233473093
374,0.957600395844502,0.7609994026837467,0.6771779837448213,0.5702171978617213,0.9875071269187978,0.9893481501459007,0.7950309043806234,0.7943876533465961,0.7044060605302088,1.4390780768723164
375,0.953394447668024,0.7749665120583898,0.679686709023693,0.5864205947140666,0.9852759584810413,0.9841628437413491,0.8131537887983961,0.8026161231556672,0.7204020520428462,1.4587543630577244
376,1.727295948656777,1.0696574422652385,1.3600206699304496,1.4065448683266624,1.6742268244036038,1.7114453021414926,0.9216958515514316,1.0657631338585063,1.2203311412812894,3.3493101161602263
377,0.719567392793198,0.5886555858098387,0.6123839055276895,0.6495110197946552,0.6611717854249968,0.6820532685636652,0.610599724916344,0.6043475396431249,0.6223207804387412,2.646794090136865
378,0.9104495854882892,0.557260354802712,0.6452508522710365,0.5272208762417223,1.014957572944214,1.0707710244595445,0.5819520429261079,0.642871798039572,0.4981371639513712,1.2978267942464259
379,0.6989508463638248,0.6106946983333652,0.6498155960012182,0.7448593122018436,0.623207598547788,0.6621613607989865,0.6199497876010538,0.5697405811280226,0.7533819296196095,2.892152676132502
380,0.44380310532417644,0.5643240795217425,0.45913826460969914,0.599848868446844,0.5528839775055513,0.4539909296889819,0.7371201054874653,0.49721088322554274,0.6505387409462208,1.924817602980347
381,0.9362893694631055,0.7764478795073024,0.6697847554217079,0.5912564887731472,0.9718076040408005,0.9652116844700379,0.8201523789597185,0.7976850862405482,0.7234066195469346,1.4677354975362653
382,1.031716641886415,0.7780790993004806,0.7200429422432426,0.5620282692748337,1.0431662341963575,1.0631314139979748,0.79913373360229,0.8210935848342916,0.7088446759166783,1.4697301236684825
383,0.4300867203599642,0.5278318543343316,0.45874497257503083,0.5841925292370336,0.5521412545176476,0.47384355626653935,0.6544243390699246,0.47183805227694875,0.6379020605393058,1.9905154073642073
384,0.7749468544177096,0.6199122769534369,0.7114682131614457,0.81272973956046,0.6958536417935287,0.7331672491176217,0.6388048581192193,0.6107407207236388,0.8587353728390259,2.9463856776122195
385,0.5485621239436996,0.6401575801688432,0.4830357064854899,0.5785385389268175,0.6297120244535002,0.47593663295951255,0.8635849950617395,0.6073820529854527,0.6673434202941977,1.7299906226730948
386,9.817664248570642,7.3013164341715395,7.679917585246264,6.8439817276201325,9.673166894712738,8.962640505672459,7.150190048078212,7.6866210320402,7.851156757100643,5.496729956669806
387,0.813858465855988,0.6362537276975009,0.7474597149101871,0.8559780209498019,0.7311278050417072,0.7700830978108428,0.6570537075831775,0.6437142107611371,0.9143169809884244,3.0466703863144384
388,0.7570491102493939,0.7948769827468042,0.6154981162510282,0.66558420381111,0.820299079615199,0.7038978331845,0.9313390522249585,0.7454410523360555,0.8091541162527182,1.6050442223048775
389,0.46231509404365095,0.5591218569621431,0.4525517922855948,0.5558477125247855,0.5484949972117426,0.4529134938417274,0.7461446922152464,0.5059772168246405,0.6158992628896305,1.7982595782697433
390,4.209293845939754,3.1521146746071933,3.655482182235921,2.9217025235219367,4.034474371398422,4.218710431669867,2.8717374039473493,3.384955570096769,2.684915942457384,4.30703784834848
391,0.6085189458292288,0.6923689762668485,0.5104484716710344,0.5806542815187457,0.6740177787665466,0.5298479644527163,0.8972417499785784,0.6422172549518849,0.7141575617585939,1.624887770019951
392,0.4287453180218186,0.5164228854175626,0.4526691205558148,0.5615311495235831,0.5421519146294643,0.4712479553868299,0.6520926373727115,0.466096533164351,0.6106344941853569,1.9189916904418358
393,0.687411931968881,0.5621485302198468,0.5937312294158942,0.7052721175905384,0.6539382091974001,0.6721934484942858,0.6338919529989618,0.5940855765534958,0.6713212556914492,2.5838312075786734
394,3.4315264335962685,2.6546779589675147,3.0312436961768494,2.6520816842188677,3.363998778413472,3.6239642518040864,2.4265548938037664,2.8180987690985413,2.2008727009481923,4.229080352640172
395,0.4315420851390992,0.4888189565121125,0.4593930689700274,0.5433749174297039,0.5551898910004938,0.5093114093600267,0.5929890134050863,0.45397730236489026,0.5904621906166624,1.9267642699591754
396,0.7205588782552695,0.7769653842247394,0.5882923842601222,0.6471533261615102,0.7749500456028643,0.6478591288659366,0.9332788623514326,0.7150420317891948,0.7936756428702513,1.623744644404767
397,2.286887887719224,1.4900513130160162,1.8213533558527557,1.8140440476178525,2.081939402277958,2.545245952238562,1.208818951250583,1.430288678533153,1.4487609238002117,3.573285690656631
398,0.4498796329565266,0.5627698144705745,0.4573175333133777,0.5844199203775758,0.5529744361986116,0.45421521853723207,0.7459199860610238,0.5039760096592814,0.6341637791120278,1.86932963899753
399,4.562053072524697,3.368615379548454,3.946543157254719,3.0579550907934205,4.452367547004794,4.5627303739933245,3.104451052479936,3.6723790256486484,2.9762010832278976,4.330021074075978
400,2.2481572634016023,1.4441964172771211,1.7820114052327283,1.7778152136801082,2.046593002340765,2.456368485384093,1.1772314704935811,1.3800465861325732,1.422392110006284,3.541745685992158
401,0.7685215398022834,0.6237404889012416,0.715600351495488,0.8218678741601367,0.6800657147102163,0.7320422589244724,0.6440123087280004,0.6117312053587716,0.8632788814696791,3.0306498112495026
402,0.8126318453257397,0.8213535521139879,0.6446462376057185,0.6833118632605172,0.8917987839248249,0.7793563915018843,0.9319927513805927,0.7768211260565715,0.8179877550744449,1.5932407825499404
403,1.4731022194787329,0.9232587260091234,1.1782351080654574,1.2758470047098738,1.4696826700948522,1.4531261040842558,0.8308944434649481,0.9723458828759455,1.1709615594373741,3.27641551788563
404,1.0660807816457756,0.77356167590844,0.7349419516315524,0.5400150945752616,1.0731493796265985,1.0974743114167822,0.7861656609945844,0.8164528306116825,0.691664373577635,1.4754128910544828
405,0.9029336563573924,0.5518615602879919,0.6379363393856418,0.523984639345815,1.006923334433853,1.058909138593964,0.5769949396697058,0.6357799322062371,0.4949712506265466,1.287381754922954
406,2.5657567235458223,1.7876530848443002,2.1409381352512336,2.0721492748752897,2.395130824570716,3.0526237321359946,1.4903235471238416,1.8076107134007309,1.6700788215660207,3.7857760175506106
407,7.656604488717293,5.780047680879028,6.317937038155999,5.235378767653732,7.6697872371430025,7.332666196572172,5.495165807695312,6.17145779472269,5.934914208595809,4.922779564495221
408,0.6496312582893544,0.7259945143620381,0.5389305465591782,0.602859066178031,0.7107836640478663,0.5704705886703341,0.9138458716535155,0.6686311346673838,0.747522654302491,1.621198591047854
409,0.7655082254601934,0.7962926956183077,0.6189137624345775,0.6666873774050537,0.8338778511074674,0.7187263998318069,0.9232271499115133,0.7492305029776682,0.8050970481333571,1.5911542949022757
410,1.048530169968356,0.7336729330668029,0.7083120567702876,0.5011087277094288,1.060256013214654,1.0825086571460452,0.7395915149858059,0.7720231696100796,0.644776441917597,1.4342401848497466
411,0.5153465328365089,0.6079136151244998,0.4756658364060806,0.5673927441232649,0.5949457182023147,0.45864187933562817,0.8335068093446819,0.5705922718671933,0.6459398816508222,1.7719856481928447
412,0.8127611589729044,0.8166060816435731,0.6416236416455233,0.6774077115729821,0.893629856060737,0.7816599665594618,0.9258117148508416,0.773929564946281,0.8111377460183713,1.5843357414020396
413,0.7071157471228198,0.6107069854003143,0.6581916293250882,0.754582768528838,0.6281829777549713,0.6719059796796254,0.6220757856450201,0.5730917481884542,0.769535419927669,2.9101338589491648
414,3.4642325536675775,2.6757838067909647,3.033688596024507,2.6195527390533537,3.363728749692819,3.602478406927208,2.444832744755493,2.832649038867572,2.1899825730489626,4.133977948148374
415,0.8443846934211876,0.5576225645195297,0.6326686122054699,0.6066706379618736,0.9711298477979505,1.0456416450505537,0.5841714245773562,0.6503321085636256,0.5349678139328478,1.2014153043064226
416,0.42921352679631064,0.5202909190204553,0.456222436111236,0.5727543339480884,0.5481865335163889,0.4750307893781971,0.6482311504827176,0.46810660372190127,0.6235287340680031,1.9603905225477578
417,1.7029110786057264,1.07068089491634,1.3526146617732908,1.4136195291296023,1.6710786470123857,1.688562134797518,0.9360319749833343,1.089294524254844,1.2600237839982338,3.4217295193518473
418,1.0884488583234402,0.7871430490148625,0.7516937882853911,0.5458168994246458,1.0937577553805902,1.119224761825245,0.7979252115270905,0.8304606329451009,0.7013067405152269,1.4964611006698036
419,4.558622084333606,3.3978154213490575,3.9888050802595796,3.1177900472593465,4.445287978801891,4.573850475719154,3.11021868825676,3.692035918780428,2.9766235283667166,4.49988232438559
420,5.396972076979714,4.0618368866943095,4.736317876943413,3.612728668608816,5.455355808709895,5.432845831215032,3.747930959713467,4.4216514926324955,3.802095219342997,4.597510384398873
421,1.8912693837256764,1.177902141346912,1.485096311900536,1.5083504094263056,1.8095605257159235,1.875038431414773,1.0031479779672734,1.1577667265220624,1.2958906478557461,3.437363105096261
422,2.9375687204516527,2.166662281057577,2.59992961607556,2.434246216781736,2.8764736333610896,3.3908875870619406,1.9538525399549664,2.329449462586498,1.9514719978283228,4.017087738694935
423,0.7154128717250556,0.6049943352444904,0.6161547160841806,0.6449650730761738,0.6538814764959449,0.6708446483251995,0.6136865032808461,0.6006199306627212,0.6193077383392669,2.676274040034634
424,0.4300841405097294,0.5224044527023166,0.4469265324909844,0.5617656004116371,0.5369696042959602,0.4614358780170916,0.6762451647390868,0.46899932802667776,0.6054934198171616,1.8645320853308434
425,0.5655378155351212,0.5213581748963445,0.5083757740482095,0.6813764031818859,0.5625156833146656,0.6473664079270347,0.5966617385197361,0.5354384447337937,0.7118633391791971,2.325492970686391
426,0.49947657081509084,0.4924278347982144,0.47717676691884714,0.5813376564604605,0.5854857526206719,0.6106526442951076,0.5668986733071341,0.48245794855074126,0.6317226217257133,2.1611440927159764
427,3.1469008488546057,2.384648706252702,2.8018948677525137,2.5688101277621636,3.112425298396513,3.504644432030616,2.172279628819077,2.556380171335876,2.093708882908002,4.165354011156823
428,0.536580001177869,0.5080165172421057,0.4902283071946453,0.6342595939471792,0.5694763826117415,0.6417920288927068,0.5847394694715488,0.510199324972406,0.6704679012590501,2.247739255256401
429,0.9178811968090984,0.55168706737789,0.6350193867968159,0.49607805176933123,1.0097496011847455,1.0504706706941749,0.575446710821088,0.6286996498743944,0.48560546966537654,1.3055636364074674
430,0.9444672708137791,0.6704064085543737,0.8246078577495541,0.9209155263482933,0.8734622427985048,0.8716631926954886,0.6718852521519749,0.7157303381954638,0.9400461738335291,3.0435748412839905
431,0.8586028314694791,0.8182773276752228,0.6477084253273595,0.6544935959999392,0.9324811558336008,0.8444007099266545,0.9076313083130989,0.788112226445894,0.7935993341133543,1.564025117829242
432,0.45140865386650286,0.5576169836380684,0.4544246525797008,0.5724609235372602,0.5507498518985183,0.45410839564513905,0.742353719385498,0.5020444906014037,0.6231519625313229,1.843147477716752
433,0.7535844678883092,0.7871347099335705,0.6104953896833076,0.6584518498519705,0.8206797647936745,0.7052854158487225,0.9177556610188496,0.7396818964540037,0.7981052484492147,1.5851103406070575
434,0.4868439854102894,0.5846308095698232,0.4669689890170346,0.5641715599606506,0.5660693779819227,0.4518996239455544,0.7896449110777847,0.5370414722642504,0.6373621015467043,1.7956209947506192
435,0.7064788835852093,0.5673455802974601,0.5990757583316283,0.6536327334733975,0.6811832074644442,0.696400781392989,0.614453982061746,0.6083233484883768,0.6316597393979398,2.5158625930393397
436,2.1345789504954342,1.33034714763617,1.6712265977983758,1.6657562101381997,1.9825951494340042,2.1673350209298152,1.116456693134691,1.2885366001938492,1.3992995561915023,3.5374695121113553
437,3.7440612856837174,2.8995571528239847,3.2999754184963614,2.7629443524468815,3.612811761387723,3.8368532622684257,2.6268857947587763,3.0517587846679204,2.369372483201517,4.2803187416190855
438,3.1741171119662286,2.4200415879915336,2.799129194615134,2.535417006973464,3.125340162474139,3.4495851638293042,2.2170439957553723,2.59150726410887,2.07178664339724,4.07319432536616
439,3.483159692038487,2.6937187687484156,3.0584473476531326,2.6403758556624335,3.3876445297799824,3.627777607268514,2.45917782352351,2.8509374125604037,2.2068709977314516,4.172592992484347
440,0.7499417319730767,0.7766731798644954,0.6033900781402809,0.6483089924205524,0.8246220418923952,0.710021078711034,0.8975714501061349,0.731243713499071,0.7828034162153731,1.5562450001246049
441,0.890587113770026,0.7642317059474105,0.6423281635162191,0.5824714750682689,0.9417105992182947,0.9182189068629828,0.8134670549121363,0.7728112809198823,0.709788903745508,1.4559985625929037
442,0.8670605348684406,0.7910942618500351,0.6335907404940322,0.6111422152353816,0.9398232541791075,0.8778644971591402,0.8577368375877343,0.7779943208177049,0.7442769208296514,1.5062891271059065
443,1.0623187206647684,0.7831764482427254,0.7368024018516879,0.5549602218222877,1.0682575555897171,1.092938498527616,0.7989250592668263,0.827210334455936,0.7066652490640253,1.4829692225958269
444,0.7325113555150438,0.6129593206814327,0.6824501012563011,0.7793904478146663,0.6500557071000178,0.6994852571437399,0.6302299028350024,0.585583416205316,0.8091490217333267,2.9362864449857735
445,0.5030072215870247,0.5796043043323582,0.46006530718056615,0.5390086134133356,0.5799450677674151,0.4536982420540836,0.7998801586095392,0.5476620028415703,0.6145922979292117,1.7133899475868506
446,0.9031749292202904,0.8195506372294227,0.6645704761147843,0.6337528135659848,0.9702852375538886,0.9144352939219955,0.8835364216802881,0.8095169777633547,0.7691941270739844,1.5414755245940361
447,2.900753930785477,2.126380714537987,2.5599565096938526,2.4025784225444333,2.8320844572953527,3.368115068836823,1.9111012657716717,2.2830648816847208,1.9240335232967234,3.9882602600382766
448,10.207843676323536,7.592164137652241,7.951158695399278,7.151382229059921,10.042351241203857,9.270510044287324,7.46136544473298,7.97708897351122,8.202424269413523,5.696270894523968
449,2.2040400549162418,1.4003165430376208,1.7371549359298732,1.7402903255993092,2.006065158422057,2.37989744819346,1.1429336116446034,1.334697766210759,1.3907810188066856,3.499633896459043
450,1.080518001066173,0.7269401507688134,0.7275085299858594,0.48834469867983604,1.0942725688555244,1.1203428531536404,0.730313853333713,0.7671029341519993,0.6276200432257766,1.4620001092742454
451,0.8477536349421845,0.7916686691151321,0.6261672313421709,0.6202730483724481,0.9232788057196298,0.8466674710867826,0.8700386888740259,0.7691125738440315,0.7561452344959466,1.5184400510983316
452,2.8677712454989726,2.1049011577058594,2.526647494958089,2.374575388222747,2.8025641932012384,3.303241281097899,1.903409092108789,2.2689350953643728,1.8914955203816202,3.9091157960187624
453,0.9842844504652809,0.8186447010605462,0.712079834010538,0.6252129115644013,1.0137055877924124,1.0112618116498169,0.8614396809845173,0.8426346534296971,0.763425234171606,1.5226851787641085
454,2.5179701136840524,1.7346405723653706,2.0689839890644808,2.0132305768290655,2.3249364254138865,2.9403610827682654,1.4198500209239688,1.7101908417912155,1.6282202423912948,3.7900917830008076
455,1.6847317123111043,1.0433470581632227,1.3282772105817489,1.3841922955252586,1.6403012466040585,1.6681578620132316,0.9062644250398183,1.0485729203682368,1.210276166239632,3.3428560215846117
456,2.5936204913371363,1.8085800356055095,2.1495550524325195,2.0840209427099166,2.4108938222150424,3.0571948724619857,1.4955685954084401,1.8058993400606325,1.6900227629041147,3.8484442337201337
457,1.0042276299587365,0.7342206132281598,0.686928170842099,0.5219487105208378,1.015915403947178,1.0369957006033168,0.7504577690365112,0.7745254579622707,0.6620040594958742,1.415563662246195
458,0.9133828736697682,0.8093446883629611,0.6695090461494994,0.6215854207826285,0.9727926529761722,0.9307761987952847,0.8672738159259288,0.8086144638345937,0.754768754151854,1.5237593953030684
459,5.01899890801019,3.7529821136890082,4.422459860477435,3.3877977257550485,5.010758364170907,5.0584214193792265,3.4539279705273556,4.102347911730639,3.4145541287978496,4.631422212009276
460,8.045242174071337,6.091575769855622,6.614046361304752,5.551996381890707,8.038527405665558,7.662939898921597,5.817513799878205,6.48555364611634,6.2918125644368255,5.119311851168274
461,0.8271779718177851,0.8058337567128167,0.6337457607983473,0.6546750248034051,0.9068753846510815,0.8044518551975695,0.9037754068317496,0.7697282642487513,0.7899817211652626,1.5560031489970307
462,0.6988142164301361,0.6055932550055871,0.6074056753553005,0.6982407232757564,0.6172504995492251,0.6316762249101924,0.6111574055209101,0.567634501124077,0.6727367708803419,2.8522591434433817
463,0.48282575493085705,0.4780112914583233,0.4730775101221299,0.5404223480444961,0.5860507838930601,0.5898851856652076,0.5455283297305161,0.4640614199235759,0.590437850040224,2.0238113278096685
464,0.454854496847021,0.566694923598242,0.45849949958027225,0.581553818246373,0.5552638475829164,0.45407734737176986,0.7535877934085112,0.508692267143472,0.6334688707006719,1.8598204925223623
465,0.5196695130199153,0.49758942209974,0.4836845287859785,0.6014151525579962,0.5788409061861473,0.6388081828981305,0.5689099142211764,0.49313947753594367,0.6392243643298611,2.190364005628673
466,2.4219548544477,1.6363953226999985,1.9620271341617774,1.9285849355309272,2.2249054496038494,2.760119924868238,1.3252623534151875,1.5796068397240306,1.5562726179688446,3.7218396154743734
467,1.1885452558155412,0.7809578085124427,1.0152527003955474,1.1023106969058194,1.1807270913796348,1.1545111595121442,0.7614282027038187,0.8912443652832641,1.1093581517344435,3.227635755047268
468,0.43043009444205604,0.4916786495401393,0.458717298785144,0.5462079771835778,0.5540294199335261,0.5044884018678969,0.5991377582814145,0.4548969510590246,0.5939373735946365,1.9288349501583504
469,0.8022494746948031,0.7963347177538996,0.6250650752745182,0.6543795205186417,0.8858934357125318,0.7750271908067656,0.9019507492334708,0.7570634816809869,0.7863562116329351,1.5519845749906689
470,0.9078899295849081,0.6693881308485331,0.810114882019131,0.9147895118475673,0.8409925272653629,0.8455449935134797,0.6796291125557485,0.7052172411088642,0.9632949967701514,3.084788184072929
471,8.133958705404954,6.1524246598791175,6.666597104091673,5.615575783367288,8.11996034002948,7.728525667050404,5.883944234742441,6.546174885233729,6.370075547033373,5.12708854050032
472,2.696518634346095,1.912432718892708,2.3298607262911424,2.2148566826893816,2.58050374827162,3.201091352486316,1.6703879750023354,2.017917306659025,1.7698141286797369,3.8355176468330656
473,1.5048330069190943,0.9521263239868341,1.2103266777289856,1.3056679693638222,1.5062421933682626,1.4855639483499108,0.8602577428249066,1.0091232641080878,1.2129132052195426,3.3328320974753076
474,0.9890395881759806,0.5959899928961829,0.6692862288132148,0.4632069122610904,1.0528450006288257,1.0881019289120093,0.6120412693352286,0.6590765476094574,0.5029941934704668,1.3883506594746178
475,0.7137719779236422,0.5754118625747046,0.6059518329555589,0.6840709359950473,0.6497631954091423,0.672297362843749,0.6146448763379375,0.5946370654329662,0.6486129904252397,2.701022315669276
476,0.6044464845335374,0.5140505204458141,0.538784389016418,0.6654190945034005,0.5924660604912595,0.66882120088896,0.5964779870890694,0.5394115504779782,0.6859970314743016,2.3297391001146135
477,0.7138571159548271,0.5787713716991133,0.6084535860436934,0.6875177149456799,0.6410825314318388,0.664733207691028,0.6146671117331829,0.5900208342081925,0.6488110799480151,2.737384792679014
478,1.0384246143831972,0.8153111023131188,0.741275259004489,0.6049106406093449,1.0565403728329497,1.0683106685255839,0.8448660083082467,0.856633524272582,0.7514191376378332,1.5133987944135812
479,0.8124969694479326,0.7698193112737702,0.6050049403038505,0.609025357350593,0.8920275275282046,0.8037658157181249,0.8581584394271495,0.7417734160185563,0.744785335297535,1.4989794872774873
480,2.5735226649042335,1.7972113924183717,2.185036497888105,2.0996567805257516,2.428170004134604,3.080148665421482,1.5364441386221062,1.8647024836053232,1.6793136969974447,3.7369429513361627
481,0.5074938939799523,0.6082772671006227,0.4788255500640678,0.5776575430292181,0.587700333505251,0.4557066178378969,0.8270452234495006,0.565717721342513,0.6531854338590352,1.8027045401020043
482,0.5201103008187743,0.48394879700198995,0.4830200552425877,0.5625086586510967,0.5868020369257457,0.6474601842637155,0.5458591602802342,0.47920847789787663,0.6043737679890095,2.115183154082034
483,1.033727925447729,0.7296000684394062,0.6993685076104307,0.5020004012197624,1.0461914665570224,1.067757756338208,0.7370247927934075,0.7672128372979315,0.6438959862245033,1.4224279118542253
484,5.121702893972689,3.834378150932692,4.510307349822034,3.4456172870929502,5.133702664243537,5.162114729138701,3.5328901135260597,4.189511134050358,3.519856079083568,4.621624688918974
485,0.4461670469755663,0.5046054146559951,0.46532499560414603,0.5867914449508355,0.5729827157177457,0.52253909954079,0.5963751404373234,0.46802445118513064,0.6453301929719332,2.0866399159831923
486,2.347973292739082,1.566093066476017,1.8900115755762184,1.870280911875724,2.1495460773814714,2.6698071969248045,1.2655559654540078,1.5100053038364991,1.4958310061740974,3.631747653389582
487,0.46477948239075095,0.4980156746355031,0.46878056681782115,0.5782480049279621,0.5819075333445125,0.5513605902147702,0.5841969425692848,0.47035167420745516,0.6377334049349431,2.1132238582055547
488,0.9080709782344052,0.8318579472631535,0.6702963001657714,0.6466852203379012,0.9761611567619078,0.9161986078813441,0.8980190907408406,0.8187805680757051,0.7837760596669121,1.5593806099888328
489,0.7157749717775455,0.5749106833834288,0.6020569319374289,0.6498649592979966,0.6801517596742044,0.6984214197251778,0.6118661749994669,0.6109252745367167,0.6267709378396843,2.5561964762642693
490,0.5415040669013365,0.504161854611209,0.49026638182496257,0.6253776634631913,0.569940780701338,0.6496232612294004,0.5768271858433577,0.5064260354920321,0.6608397676040014,2.229009542136908
491,0.6954785617751504,0.6110935218047862,0.6477882712985413,0.7370553409495033,0.6214213439813678,0.6623115847926933,0.6204608117478813,0.567326695414022,0.7484114424800846,2.8616005138460516
492,1.0503183203060196,0.655957124755904,0.7061400702710905,0.458390543288591,1.0905139053441233,1.120903112019813,0.6663201441637137,0.7059026707048528,0.5493390020565192,1.4487768960171419
493,0.9945743632963697,0.7868139111407576,0.707040647283476,0.5872362366833908,1.0194440830593379,1.0252082042139168,0.8189604689560805,0.824079740177227,0.7270268340089229,1.4742232301253593
494,3.7991914967053955,2.912467770595755,3.314352147418001,2.746944973724211,3.636494624063929,3.856495353189885,2.645501584961705,3.0745127739916103,2.396589418028175,4.186207093752078
495,6.435127566374477,4.909696087492034,5.5395913416884,4.367627196793212,6.537915254630954,6.378436127898979,4.565795143629916,5.284153172558223,4.83189630369365,4.815093252755856
496,0.536580001177869,0.5080165172421057,0.4902283071946453,0.6342595939471792,0.5694763826117415,0.6417920288927068,0.5847394694715488,0.510199324972406,0.6704679012590501,2.247739255256401
497,1.1814076359389414,0.7791267389383579,1.0124263236783282,1.0986510219694106,1.1711884299360813,1.1461491399640176,0.7615458450561051,0.8907345046690526,1.1081167868752622,3.234926456085706
498,7.282425039703552,5.512045167276438,6.076543843738675,4.9605825917115665,7.324814424686144,7.041808544161296,5.207058234275581,5.899594892955916,5.599725375364487,4.8662766806681494
499,0.5018995723617539,0.5752999244819382,0.4575477870238778,0.5339912439818321,0.5787657236182026,0.45343971915623044,0.7949476664422245,0.5446586144719485,0.6090887460958191,1.7004214502197426
