,BGauss,CGauss,Jensen,Larsen,NGauss,SBGauss,TurboGauss,TurboJensen,ZGauss
0,8.610748539041781,7.76122153255813,8.221751849038023,8.696633514696218,9.538044709337045,7.596650306514816,7.237983578029161,8.450455670323896,8.889753527490276
1,7.975424498613505,7.486625619682448,7.94356940592022,8.099835054491196,8.703069464751804,7.377173391903166,6.856304344904664,8.147524503328366,8.422169057025606
2,3.6614315241940747,5.101920265579053,4.60060147840402,5.173870470348157,4.1936739756930645,4.439179937086885,4.2272313216014785,4.015705708328165,5.236954712486595
3,7.614131726722952,7.794479008478842,7.6044428253859415,8.398564248671194,8.740500154169146,7.156576201935723,6.647744210497213,7.920322145755522,8.583324799549926
4,1.5876549222501768,1.726036445982943,1.9431442335228806,1.5547299746510992,1.6269349369412194,1.6791491109532641,1.414875021990833,2.1988238010733694,1.3413746985306607
5,9.200095497446647,9.076636910118218,8.440949974160002,10.240329013302855,11.393969965917067,7.886081113967798,7.72410491690373,8.768558898951222,9.65358570195259
6,2.802850878696191,3.6290161856884544,3.4800334119859353,3.635921669481004,3.1681842796304336,3.310296037986245,3.1616384779234825,3.000564728125828,3.685428883411586
7,4.525956521724432,6.096844558037668,5.331097263241717,6.350038500541158,5.17658215167326,5.308074858247361,4.962419093454333,4.941769935047059,6.381610213593785
8,1.6006463166057399,1.7893245901869275,1.9983436963966223,1.6102676400245128,1.6311751687524028,1.738984427731686,1.4647896722485283,2.1338389505419766,1.4190334930360287
9,7.002461012248254,7.635025388878233,7.021737242208048,8.281607726567463,8.044395972500478,6.877245015692862,6.365356626427462,7.431037690175592,8.529734755544805
10,4.529213632351343,6.171988489894716,5.36463926940232,6.448101716467725,5.216170958719896,5.3258340874133285,4.987059776221045,4.964579084315847,6.449778068518322
11,4.570252660287173,6.170661027616904,5.390954193866586,6.429822734824038,5.235825220882799,5.364034823844506,5.010173247102691,4.997393510512409,6.456959689790286
12,5.669029526812284,6.94528013154568,6.190537212387871,7.327708442876407,6.48326687504487,6.222032738860176,5.837418434542898,6.13755469167388,7.460578788516514
13,11.30688588608108,8.729438248658317,9.269234787555543,9.59527940538393,11.961319723047009,8.870012193222578,9.328406909701492,9.77881335448459,10.655723583315519
14,3.46362712971719,4.710174745519858,4.398082802556919,4.641544301672884,3.927668698134982,4.166213991333496,3.9865208777682937,3.767170569552277,4.8311673421245285
15,7.8614067375188705,7.372813900807125,7.803526499802263,7.993394308581854,8.589623760969314,7.245830156250012,6.752567483870349,8.010837663339478,8.265152075434182
16,2.4969860538320585,2.9735620293001617,3.1008645716276124,2.8703038953912845,2.617631736334876,2.9263510924825122,2.815211606074987,2.5776901268846504,2.929576048174101
17,8.15008819187172,8.002997726814773,7.964283985160342,9.017923297783263,9.544343745397033,7.359846427488412,6.939429465352948,8.221347011744003,8.906784187896202
18,4.753960339178116,6.105479192368271,5.461022322479024,6.260700614225252,5.294415060988808,5.49209297333437,5.096382011029941,5.097692982132409,6.407201440619661
19,3.464355649206973,4.740668322262907,4.407037839834863,4.711712353301485,4.0265069433875205,4.163011223314529,4.002694455437431,3.8115116536006064,4.896602307496322
20,1.5594390491963626,1.708483710883801,1.9150340323641748,1.5434165204973975,1.6168149901108093,1.6467864595300266,1.3939534113610226,2.184962655721797,1.322264275076125
21,7.913923410413444,7.634075588819053,7.901135358848177,8.222569729385148,8.74466590390146,7.3653901712530505,6.835718673676429,8.131900676779797,8.515903147505776
22,7.263900824502481,7.50908070113348,7.247907930782508,7.9611777669205495,8.075350132646884,7.038843254654953,6.441994254842317,7.632732827006275,8.286010737753863
23,1.690485784556698,2.0482726102016584,2.1427349105550033,1.921918072326381,1.8737191513758422,1.8994737060627913,1.7419263585947304,2.1408640197369495,1.7416180912993746
24,10.070871752704914,8.831925453405546,8.683077530048713,9.845186893631444,11.544004272576935,8.181843428339521,8.343551135408921,9.051933722058408,9.88297951729618
25,1.5598003257428998,1.726998556385218,1.9150097700573756,1.5722923885741475,1.6455813932593033,1.6444890020575027,1.4058283595057486,2.2067238282022608,1.3358171973458346
26,2.627005562045251,3.2708855741518694,3.2534826263575978,3.241341225237519,2.8927911864582665,3.091599896878281,2.965205207063014,2.762893344932884,3.2859203818560987
27,5.39758883709198,6.462027070896275,5.965767680548256,6.649922911197819,5.951256120324757,6.051830668828045,5.596194175570503,5.7503150215375625,6.868640019258278
28,1.6049592985704642,1.918636341147735,2.01774552519753,1.789423856202164,1.78753313685046,1.7722637951069626,1.5760794965113771,2.182065141168373,1.5616046582833079
29,1.7597258375927411,2.047885440277817,2.2232754564073405,1.8785266237590126,1.8502724007119287,1.9808432340976154,1.7844746879283815,2.100016703593186,1.768206838608437
30,4.418414887487553,5.779015647133616,5.261878846061247,5.810794880855748,4.81664881199362,5.2110488641596815,4.848777579176348,4.730611005489931,5.943264478499385
31,1.6869703155686637,2.081397639741693,2.133497746325989,1.970653062621294,1.9158682641007785,1.8882273294218814,1.7524159589298225,2.1915683627705773,1.7555005900949154
32,6.356429096677058,7.4910396415282134,6.703573932157127,8.083920371107597,7.3226307554843855,6.720982817375674,6.225454735540757,6.881762160719204,8.096482803236588
33,2.45604513304167,2.941130085388453,3.0448439634935744,2.8836559221955564,2.6268252509665766,2.8494822839624163,2.778999851193611,2.5695674755432836,2.911142312112942
34,2.920266425736761,3.768489998179293,3.64279402531428,3.736564529121384,3.264982623220478,3.495750484346998,3.3048676792836407,3.117388337785021,3.8299198329541415
35,1.677256677960257,1.9410126876679257,2.1157178652471784,1.7512135597672545,1.7430079749384437,1.8685477820984664,1.6182491543974848,2.110533551282489,1.5877209482489627
36,4.736575920502965,6.083127247943495,5.439001811784564,6.238198526589338,5.275035409185758,5.4708647264188475,5.079400094713204,5.078176457746268,6.3829808406649935
37,3.8350072384210154,5.266017103946872,4.791635926541839,5.304534103369839,4.321474193365072,4.657112951797821,4.395022956945164,4.187047407710852,5.388541101176898
38,1.791986173573139,2.08532448704292,2.2554847600612304,1.916502792696429,1.8866750925240792,2.016308783984099,1.8193701170996126,2.134919410300419,1.8044683818663771
39,3.054123401323457,3.8908585080698685,3.8072840803964385,3.788506043253338,3.33141645859016,3.657662827042712,3.4665976528795737,3.203086031390925,3.9588860748443944
40,2.148447093740389,2.41093745685826,2.633309315132842,2.3147084163677207,2.22565108960835,2.423524383801114,2.313015756101107,2.277760138779381,2.2844091437459997
41,2.26969285663913,2.6260973842489097,2.8354152118309583,2.5114050255937843,2.33996524365654,2.6194349262841357,2.5005133896942056,2.3711166852821983,2.545567714889855
42,2.1843709540892267,2.596599204791468,2.7115448483062914,2.5854406163582877,2.4348304045093605,2.4948299838776267,2.450640719994062,2.394511173320832,2.5093027576432756
43,1.622626709173321,1.8521311226126855,1.974929867381313,1.7365352804352148,1.7804511577721331,1.7157149983211384,1.5364157668531382,2.2793416233553265,1.4802334726237405
44,3.151026063587735,4.166021235306626,3.9807380550395,4.121351163747558,3.5862671969072104,3.7858944628180624,3.652364096490891,3.3917651390108468,4.2909560634860355
45,2.149639802672936,2.5597440003823695,2.672567724934128,2.555803167113112,2.4072768649185083,2.452512971449927,2.4168064219768657,2.365691870313048,2.473294793137344
46,4.057715349797846,5.663683016243387,4.969753974205199,5.869289556441512,4.6575974510865805,4.892172865077128,4.623082311962521,4.44972753092548,5.794059943002832
47,9.356164536151152,8.825913705043199,8.346215710773286,9.939386610615422,11.28187844636229,7.821099748341879,7.796645869838446,8.699230990161729,9.530488043806711
48,1.8042206249073707,2.1891570630020096,2.272505620363074,2.0983652413360714,2.017822383330694,2.0221963334063573,1.9191198510338743,2.1711979104590706,1.9448436405524936
49,6.77153765781687,7.31741901892788,6.950331547316576,7.7641314863976465,7.4367502043908695,6.8781507925284275,6.3640338155160725,7.229566470839904,7.965473861000374
50,1.6413033522472524,1.920738119527736,2.071492174279765,1.7511439790045225,1.7410055598554433,1.8222311257962323,1.582371010595127,2.1268345081748623,1.5620522419527196
51,1.569871247394413,1.7447803963578898,1.9234389148448705,1.5954523311368742,1.6674298206702645,1.6530331573310661,1.4200925584817936,2.2260935623301235,1.3508846213179164
52,2.231240771461227,2.6354420689558795,2.7830307403644374,2.5925446021653706,2.4357722516950244,2.561923131814381,2.4852658128091925,2.4112272427097357,2.550616574181386
53,6.922394528108826,7.826751633199927,6.999568401141539,8.580167053773602,8.134902545566332,6.902638551739887,6.421324972171824,7.429737303850244,8.879858521923065
54,4.4950530047630055,6.1279943667982275,5.324622685224026,6.404662561843024,5.177713001991719,5.285144616012184,4.9537039371523806,4.926398330561055,6.403699155642677
55,3.867281787184945,5.260841313050471,4.825354208487492,5.2824616353374205,4.299646118192009,4.693439691767447,4.415722995380857,4.207264164938695,5.362724637805187
56,8.116429915611903,8.10991799653367,7.967880882225427,9.132192940784783,9.61175321474296,7.365381047429148,6.933240860487092,8.222390920951211,8.981211358533463
57,3.3849821832035816,4.660042864177814,4.312158095221803,4.663691737392223,3.989650938205495,4.064336058304781,3.929863895689514,3.732243508456385,4.821704947626883
58,2.614299372968128,3.255972228333098,3.240305439432474,3.226385072566141,2.878346425882283,3.0773179576694387,2.9523031798090633,2.7490952450232222,3.271541015209498
59,4.554379593864634,6.186349668050019,5.387077338861969,6.457632816598224,5.235880501903447,5.352086470135195,5.006440233383785,4.986879950801741,6.4674660488968865
60,6.614266198434576,7.341083030347645,6.843312905758625,7.838391909075501,7.3723623329348325,6.7962934669926,6.296914611148398,7.074115964508007,7.964792299698126
61,7.9408680901573465,7.486307164784053,7.907140342400119,8.095801561922727,8.68473012067004,7.348364831105212,6.830809218585109,8.115225869963293,8.40296633025527
62,2.404075153261437,2.9463000654339817,2.9835266559232783,2.9482631888838764,2.686315851336157,2.7829993730024816,2.7334571104625995,2.597494248284652,2.9068787229103354
63,10.48562377990124,8.666788981293337,8.812346589629891,9.626835492371596,11.614302536970957,8.337016857373262,8.649618236326157,9.224039104840552,10.07607480728793
64,4.264866866853969,5.6873925016797475,5.121952914767944,5.7712986231011465,4.711242762462782,5.0475150955605566,4.742262781180556,4.581395223807801,5.841122193223586
65,6.016931688366221,7.064353073087178,6.47484452933595,7.343318360130928,6.685445310650566,6.515935690724074,6.053527295848961,6.4840539712215515,7.533518862314113
66,2.8431699077397443,3.6829996850717013,3.5442936400282137,3.6727920312526687,3.2017809404099062,3.3845470969691904,3.214964624606151,3.0517667941947524,3.73695781271255
67,1.9582282746748916,2.2329994541195015,2.4301824658528877,2.0965116575689815,2.0324245984346816,2.2011309542503956,2.0421774259745944,2.1634106818000345,2.0260644817950926
68,1.5799294305425766,1.742850055615698,1.9355076121521055,1.583727779403931,1.6573345023706276,1.6671560892687523,1.4232022949854561,2.2203494179381664,1.352613451691618
69,2.305109251238114,2.6672948648166916,2.8711687771050776,2.5532692324665645,2.380826751106289,2.6580816159528977,2.536414493368972,2.4057099971531404,2.585621415895253
70,1.0339691766371124,1.2083756580897882,1.3606288484296936,1.0909726319500488,1.142169738476422,0.9826713385124161,0.8687439161153505,1.7715443476437993,0.7494518554312942
71,1.2406491244369906,1.4409084405129007,1.5931447093854936,1.3338308178035052,1.399645314111872,1.2608785692585587,1.0442684421004216,1.9925695742114693,0.9847644595945421
72,2.3529097512492276,2.8943956021049795,2.9312830969152937,2.90154045204958,2.6396541155662057,2.7236542478364574,2.682751135213531,2.5538623519797543,2.8540215357097933
73,5.91237147879623,7.019677647748939,6.386886649247033,7.3225793846550005,6.622812354734861,6.4207596338975765,5.988907434053361,6.381552819136983,7.498531287501155
74,3.2624920912583595,4.280944055024373,4.105218698937254,4.221702868786534,3.6885459026851435,3.91099980517459,3.759137482067829,3.496752009278244,4.405687583256397
75,6.764349103547642,7.197827346564059,6.889839657712867,7.624966105497831,7.367668813882017,6.811057238309911,6.30845252132951,7.18252259719734,7.814258948028827
76,1.041253766749423,1.2169944941245683,1.3676803233249952,1.0995664635091928,1.1506167246155876,0.9900244641945727,0.8738587631926057,1.7803289019016737,0.7552065168163326
77,3.4423772422250662,4.702627180181315,4.379087436494434,4.6645005406984845,3.97172485188323,4.138902910511271,3.977329695390301,3.775098509067994,4.853884637435849
78,1.8703264749781603,2.252819694979604,2.3392010439676945,2.15826546689858,2.0756683210595095,2.0962514286902723,1.9845625479750546,2.224247645866686,2.0087363864891707
79,8.786514821697427,7.589021307657094,8.210745433701456,8.491959695071474,9.497621600544235,7.620749367497657,7.360834984097436,8.470023282316292,8.753055283743086
80,7.3884579880900585,7.474268567341251,7.383393294125808,7.854668614674508,8.127919064590984,7.127518468700298,6.514256913836835,7.741609914190181,8.229317963024476
81,6.512804801560329,7.330717775218096,6.761530564375852,7.863563481516592,7.314144842370718,6.729081066120243,6.241620304671117,6.97771951445237,7.929180697368531
82,5.5064670645378335,6.475305789203334,6.062379406014767,6.608253413015787,5.99873787337468,6.118686160449281,5.664321123081441,5.855281447576235,6.860870275878172
83,4.281483076784279,5.7083051818590205,5.140892305494197,5.7923139110128385,4.730188624729684,5.0675128116529935,4.758731286088879,4.601174990646805,5.862469357836932
84,5.310015678032115,6.448739763454932,5.877903910341489,6.676058576687657,5.914614929163527,5.98283252042035,5.536154000362423,5.663202427745399,6.874912540610306
85,3.495139395253598,4.746508026046156,4.438683923915941,4.67204626467548,3.9519138201162205,4.209555742864661,4.018815659740371,3.794835895561403,4.8622204046785615
86,3.638908295545986,5.160602667382971,4.5952480427151,5.271086833552805,4.293965776381582,4.406362555420087,4.205816280442554,4.0386652311317555,5.315643254911292
87,7.585239078031909,7.789633701449031,7.572231419015049,8.400798622408216,8.732322701091679,7.1341336732295275,6.625758215443091,7.894298992586564,8.571478930030239
88,8.41551605571362,8.003732730777074,8.175641808323093,8.971017534717417,9.617610128059416,7.560104223168322,7.130162277085632,8.431400262706266,9.027946098690677
89,4.209117238581764,5.655967196041255,5.06454097790734,5.762310768885006,4.681348726360227,4.994428970520016,4.704407925505805,4.5299715470124005,5.802281175404564
90,7.853834953742757,7.410319779846689,7.80371762019547,8.024238845706561,8.603608065677347,7.251052801502024,6.75358575701674,8.01695135471495,8.29141845778465
91,3.4968987271124248,4.746752310585499,4.43998141326912,4.6701290925227665,3.9465403507625787,4.214274485042328,4.020367855093361,3.7930735239380535,4.858991597336279
92,10.830082769429934,8.707416535014955,9.00417805555988,9.633054779295472,11.758162119082865,8.553636215319415,8.925165120863367,9.44748488114847,10.311272179857284
93,2.871202025002621,3.706514028228367,3.553995643821206,3.7102048229296725,3.2401939255414534,3.390103265557056,3.229322541462641,3.068656221028559,3.76289986396591
94,8.144713313883429,8.149604890980198,8.003514064036368,9.168564110147324,9.645578220785373,7.400249432062787,6.959983593660785,8.257515367639485,9.027940856415599
95,2.0571754641221567,2.3470117821247616,2.525402917921863,2.274664049922107,2.1797564474841025,2.317026102673666,2.222302741779946,2.2208028610493575,2.211657681433506
96,3.723097690839825,5.15650679839456,4.662159726077479,5.213874007589098,4.23519648792975,4.51173932240908,4.285709241552351,4.070481123878027,5.285442519266391
97,1.086573811191955,1.2527999477635186,1.426284934145574,1.1283148181886016,1.1785111220228954,1.0586508755514872,0.8761766166111049,1.81823294999863,0.7943081772369748
98,5.499165251658219,6.5443032221534985,6.074966932696395,6.710388351861661,6.0379313188870976,6.1548811109090265,5.681509411189756,5.858140082026176,6.9559845630162505
99,3.3258971738265473,4.316003718099502,4.194610355553545,4.196994439058806,3.691619118266873,3.97145149575793,3.8199909353232426,3.526260491616921,4.43019697085185
100,1.8160288236618167,2.1896511299352377,2.285453115007857,2.093700217833495,2.0133904086882137,2.0364545034642645,1.9265475026822958,2.1668645713044845,1.9465103316367156
101,4.545389038136539,6.156413178174187,5.3701361198679916,6.422018739067456,5.216519161303515,5.337786849334106,4.991434583802045,4.9714174139596095,6.439008090253965
102,4.286210124818891,5.672590298051137,5.134948516958418,5.73802034458481,4.706149408654479,5.062715809056835,4.745842585288053,4.591923830420394,5.833171950347272
103,2.3287301052528337,2.69473168502684,2.8935359282154556,2.5811803522337247,2.40820007461653,2.6838244940683134,2.560335057908829,2.429894946169795,2.6124542427478628
104,1.2063486806081058,1.4197668884615484,1.5552110163102855,1.3213972698594434,1.3819062280536507,1.2130951624749962,1.016835195910971,1.9723215214839478,0.9531208865002493
105,1.6521290839274252,1.8708996658994619,2.0079175896222607,1.743135209374614,1.7909406693156371,1.7497435162171164,1.5548265629416917,2.284842136261965,1.4960053723954476
106,3.6274734588293174,5.140998382692335,4.583516836276478,5.248602496205549,4.269427198807234,4.394941915320249,4.195531093846118,4.020405653239148,5.293932922782203
107,1.9518400682804355,2.3646971748012913,2.419135557300861,2.3368268256944584,2.2097238041557508,2.1952331328384895,2.148716305438249,2.2396637081587123,2.191541950690816
108,2.1519868026997586,2.5796482374161323,2.6517925909291433,2.6072886190967237,2.461721464216728,2.4340837953735956,2.4273870700526303,2.3905436235722064,2.4892250919222128
109,4.073048836978497,5.656826545462892,4.975308723562283,5.856364048226724,4.655140311517077,4.900867053241385,4.632658835938764,4.451359812011655,5.788787076067021
110,5.959320131119286,7.105507292471493,6.455554193501969,7.412022296848966,6.692335825223053,6.489034394355726,6.045576106333595,6.440523524085487,7.608105961635362
111,7.930755892648136,8.097047542385061,7.79928774945242,9.144088771121249,9.55354796137402,7.21017059716266,6.794562245555577,8.05165170604535,8.885613977599998
112,1.6164188750540764,1.827448872126404,1.9803354993411455,1.6907387256109716,1.7407806508994643,1.7175339438470143,1.5124023190817448,2.235582889649405,1.4517344258879417
113,8.557657013122547,7.924637977064353,8.252130582237722,8.864775957443527,9.615186984739942,7.627358943797464,7.222008824611644,8.501415134420585,9.03223065247243
114,2.927432001547725,3.768420711812565,3.6719714124701786,3.7004686920956216,3.238058929176918,3.52193837755494,3.3342159794668316,3.1045104358585593,3.837048745591235
115,2.811979898233267,3.6426270166948376,3.4880689375611325,3.654012082151443,3.186215728947838,3.316530519295071,3.1721828127193867,3.0125873271783137,3.7006512024087197
116,7.150319668789669,7.466141223889553,7.12623876852803,7.971711693205242,8.001444062772741,6.933665124329711,6.365497921033124,7.507348276072888,8.233519300339493
117,2.2558479643523217,2.658993239591887,2.8104593308956143,2.6080643698728485,2.4499631083014535,2.591313432759387,2.50900762788116,2.43018256853565,2.573539631873744
118,1.560229097392616,1.7394181395733348,1.912227341287411,1.5955190348289037,1.6660390523254278,1.6398748122935463,1.4122901233313063,2.2232398313915596,1.3439023768079532
119,1.6996410302548233,2.0118422495518447,2.1584624775765002,1.8585957465137877,1.8250121561882826,1.9176815480567007,1.7345675060462438,2.084121263649671,1.7253019928716382
120,3.925484210059059,5.3167997268469005,4.889375684887335,5.332650369307458,4.347853711381094,4.76429011429949,4.469941159892805,4.2643020973762935,5.412967834147938
121,7.4131372203956465,8.094945088292844,7.395800019706414,8.829309107687228,8.921969981259787,7.086042946313286,6.5491123853585576,7.809386765451743,8.957968296836896
122,1.2161114257154781,1.4483259520982652,1.5618239298669632,1.3576336932505286,1.4063288032702208,1.2135241693618475,1.0297085742328114,1.9993574546726918,0.9641280185550796
123,3.0023445353990263,3.8504873085661195,3.753300726281216,3.7721424237415735,3.3093346309572516,3.607574729344048,3.4122320218908095,3.1751523963039507,3.9195464320047404
124,2.32915550258918,2.866688035838158,2.9073072555106574,2.873117539218822,2.612552271147189,2.6977189106551043,2.658620359660672,2.52961231056991,2.8268010989012664
125,1.6667669039782438,2.0614037753723693,2.112254253711664,1.95179285496761,1.8973228922551693,1.8654828503254741,1.7311173134336517,2.175295190775638,1.734325548522799
126,3.860552856400605,5.216467150983091,4.812858920078096,5.227457397193021,4.2540209754289116,4.689244658083845,4.401356794202236,4.180203955863677,5.300311920672273
127,8.3012301341519,7.8449765842564645,8.031376997849623,8.822806374043275,9.48409856205112,7.417801902483244,7.021850684664377,8.288769375542673,8.850463463234028
128,7.410565721456537,7.533428320263575,7.41227146732831,7.920267412450903,8.165365221188067,7.163978879548925,6.5407434340708805,7.772978870380021,8.31241351058421
129,2.149639802672936,2.5597440003823695,2.672567724934128,2.555803167113112,2.4072768649185083,2.452512971449927,2.4168064219768657,2.365691870313048,2.473294793137344
130,4.279405413388812,5.677005200164334,5.130580039055242,5.748738910130265,4.7074531540232325,5.057280972055897,4.745011280391923,4.590288351215876,5.836919225177466
131,1.6130319010381093,1.8136547483070067,1.9856676596758622,1.6654618375406822,1.7064740702167098,1.7199317994294014,1.4963223796631335,2.2058662469857904,1.4379444050909618
132,1.885208682270112,2.2232106282674207,2.3581566249008055,2.110427901374412,2.0356755646361977,2.1160665070110767,1.9840793807233026,2.183704560024631,1.988899635710625
133,1.1635101439043871,1.3218602755677507,1.5096862955953536,1.189860072708564,1.2418591956587735,1.1519499864590204,0.916863745162831,1.8884706918188368,0.8581318157992015
134,2.17300896863147,2.586523506421846,2.6952668401707274,2.5833863312265875,2.4341894788097185,2.4778805787640397,2.4409403960626337,2.389587149472376,2.499680891666789
135,4.99043138365607,6.17002051924691,5.632740437551041,6.265609406774504,5.469935636043872,5.699255881345219,5.258600544179095,5.28522795646301,6.489671963057464
136,1.69111276850471,2.0527908159163775,2.142773777523265,1.9279834189965124,1.8788802999258991,1.8991875146498853,1.7438653943742783,2.1471999197771026,1.744096113608493
137,9.756222832328804,9.016294806622435,8.63060398853083,10.076943766151416,11.532872042511642,8.114245761531917,8.131988441687273,8.984018704867527,9.810890717578532
138,2.974327945834218,3.8254147591082512,3.7129279271768456,3.7687983113647294,3.302581690573396,3.5714516227861632,3.3743270467030344,3.162102580455656,3.893079438587449
139,1.6347136443819885,1.8374249423903182,2.0071880970430405,1.689626375694411,1.7307141339176553,1.7428221981339038,1.5197229022470975,2.2288272391024107,1.4610721741578383
140,3.0017006619697786,3.840273570759778,3.753039220379157,3.7491487054566717,3.289972529345554,3.6024877053603834,3.4143434841875755,3.161274409858762,3.9079401506712435
141,7.256180522592732,7.382929121768808,7.223031862730968,7.795135509112735,8.014701478365293,6.988604204357066,6.404578007148815,7.591254622782399,8.10177848506231
142,3.105377710872238,4.1708386431553865,3.8942575664208725,4.192590091254286,3.615000238748921,3.724538155070009,3.5893733450174103,3.367055459917989,4.292992629769621
143,2.773161610094,3.6191394886529613,3.4451032773152326,3.6679191804318148,3.199115434929811,3.2553637407378626,3.1442871189838093,2.9869483308127736,3.683431713408767
144,4.125549000778544,5.689215318994104,5.028145168593377,5.8751005644926435,4.688978812522282,4.95118538733625,4.675824018112021,4.490642365309469,5.825206564517517
145,1.6152298677374999,1.85419604166748,1.9678401590383496,1.7453236518266972,1.7869838210859874,1.7081216743592846,1.5376818908684036,2.2875950094478403,1.482761815759174
146,4.438458474904746,6.1074286915892975,5.268340225387205,6.398835471264211,5.140157900820637,5.225364846460845,4.912477296674401,4.877359754853953,6.374241235372597
147,5.291363456328954,6.42479027689774,5.855503267392729,6.652429310007498,5.893108427728657,5.959929178127559,5.518088985135997,5.641403596606848,6.847756094423614
148,3.0276617769711476,4.086561473928527,3.7808906994465006,4.144241071584577,3.5506871975089123,3.6222450543799254,3.4872059923953715,3.297178675313084,4.204458438066918
149,6.387540121856776,7.436372745237891,6.709302935807586,8.025480764752038,7.305985075280284,6.717018596908043,6.219696756087734,6.884485973228836,8.037770676393269
150,4.64164821555822,6.077033300579538,5.392973609457432,6.272854470921982,5.226354078634766,5.397747090907242,5.025393527590404,5.0144872296484095,6.378112017594388
151,3.8350072384210154,5.266017103946872,4.791635926541839,5.304534103369839,4.321474193365072,4.657112951797821,4.395022956945164,4.187047407710852,5.388541101176898
152,1.4785826779878641,1.6046260966239634,1.8247179803395168,1.449937334198638,1.5387945187792216,1.5342410174756342,1.2457395657048778,2.1370197649320084,1.1809278200548718
153,8.049827391134208,8.333949729282136,7.973253937910761,9.36304767153773,9.74186096387728,7.385224142538275,6.925919989355543,8.230913093360863,9.15249892332331
154,6.55050264460252,7.4744961026963415,6.842348968008853,8.028081334150357,7.402509065746782,6.828431347186783,6.312064064203277,7.0306833470556525,8.113108857421174
155,6.375112115501712,7.3253736516277455,6.656537170315118,7.903218588603106,7.240845329710672,6.65193159788235,6.172107114633772,6.8368746341228706,7.900041576034073
156,1.0216120668684487,1.1991041531083635,1.3380354969393915,1.0844539236574446,1.1371474935125123,0.9566312424157435,0.8789546359099943,1.7615918155549515,0.7372022818109488
157,1.5931899051426925,1.8218343621586859,1.9449579863516298,1.7075698192074167,1.7514017488141636,1.6838625714953284,1.5066802218917037,2.252169944685324,1.4506950223322963
158,6.4836431055241075,7.320732165960512,6.733091699896379,7.862739293955334,7.293938979704037,6.7062956245397505,6.223135048833173,6.943181786240399,7.912057960302818
159,2.683930783023889,3.3229642139936044,3.329916074944332,3.266049190141819,2.9203180955827786,3.155691145955323,3.01637480785821,2.8049022224979003,3.3469560923756005
160,7.852545822078122,8.294518669773074,7.769554270963018,9.336266524323618,9.654551359904346,7.199400141804922,6.767372086894668,8.043557589599713,9.018555684142392
161,4.778275672690165,6.155484513354552,5.503378647634303,6.32051009941304,5.330318229818994,5.529574880671814,5.126285302198755,5.136059225175135,6.463362200430392
162,4.431416058823702,5.767067928644087,5.268190587447654,5.789607480986718,4.817781266799378,5.220673251102121,4.851756005475874,4.7356180044841185,5.932202381120642
163,2.8250052281466473,3.657800485969275,3.5013519266768345,3.6693943349205527,3.2012032924223868,3.3308352325394246,3.185196183100056,3.0258407953708426,3.7160650418237045
164,1.5171270090572861,1.7318516526049168,1.864580267455284,1.621470395045338,1.6831932663818958,1.5830841146581347,1.3829809607552015,2.226647015918875,1.3259108253956091
165,1.655503520467879,1.9166738881418177,2.094317927192242,1.7267027030578703,1.7193396610193552,1.845374654382579,1.5951855728066504,2.0872401085636456,1.564309931090509
166,2.8296427846457255,3.6632148609996604,3.519369215427557,3.6617986722320075,3.1926201955765587,3.354517640775291,3.193452707545684,3.0327347152865616,3.7181520699932524
167,1.7324477211156966,2.0813838553029327,2.1860762341960553,1.9473867332500985,1.9018131474432014,1.9464312664331587,1.7816750257188714,2.1623372289829166,1.780139114387062
168,3.174867506665016,4.1814899564917845,4.010844142129575,4.12605393977995,3.5961912313474613,3.8105155541366336,3.672168875802523,3.4069964831510964,4.305275452117295
169,1.8640645340533422,2.1619629222080072,2.3341668970194966,2.0356103443562596,1.968008643842863,2.0993745502085717,1.9531777074422119,2.114214767946684,1.9447550282105308
170,1.753255627602761,2.073787627350899,2.2115981902436985,1.921965341148364,1.8856563514742706,1.97640659913825,1.792903134220074,2.1406042652133292,1.7854196873036032
171,5.563611695950124,6.54803847468665,6.131404064371343,6.680069565922732,6.063363439037167,6.190568420099092,5.719996799473713,5.921212310713481,6.944507757812272
172,1.6447316187878542,1.9556686694876264,2.0661775335947525,1.8145877646093593,1.8079283501238934,1.8225847261908572,1.6107800434445096,2.1979344856367233,1.5971921359801178
173,2.626471992704073,3.2805023837610032,3.2417947693819644,3.2629692093785834,2.910237110411057,3.0836165665578914,2.971455165743574,2.7655490757659247,3.282099883221816
174,3.151026063587735,4.166021235306626,3.9807380550395,4.121351163747558,3.5862671969072104,3.7858944628180624,3.652364096490891,3.3917651390108468,4.2909560634860355
175,3.8446402436856633,5.265876755950523,4.799526613001229,5.297209121797968,4.314817112728395,4.668395524068466,4.4002204007298795,4.195304749588774,5.380983317584758
176,6.024438417557344,6.975636276479868,6.445459546979013,7.232239950377453,6.621159083219094,6.478745031800864,6.015300558272156,6.466642918358165,7.403996242458588
177,3.1046415945268064,4.170146534266373,3.885903500925984,4.198453758426928,3.617129303387076,3.7205990013726637,3.582684268375881,3.3687114287952284,4.292113440667326
178,7.54269436730932,8.240783660704817,7.554505738108161,8.957892894193975,9.04511793058547,7.238631270566834,6.666891491806426,7.964160075073222,9.187874863698532
179,2.3581284858110183,2.9162464677964217,2.931746727406474,2.937047535272944,2.6726939980212285,2.723052430299881,2.6896842305627895,2.576029229387556,2.8708468017320765
180,1.6262865061344962,1.7588701037173513,1.982294539309365,1.583342489347759,1.6540531238908647,1.7214410420731776,1.4489959078872914,2.227700104372258,1.3740463683198032
181,1.7229253991291833,2.0853854143099384,2.174584353042204,1.9596799256228616,1.91006981933639,1.9341740948879513,1.7769362107992723,2.174791814577463,1.7773711688881286
182,2.4805955185526143,2.9692346372565663,3.0701491524252567,2.9127161714142153,2.654936597525098,2.8764151200808525,2.8035267691130317,2.5941328617074713,2.9392304861777023
183,3.1335209606361305,4.185846552584995,3.9466262314251472,4.182285348256849,3.622292851161864,3.764767826280012,3.637048446236672,3.393454954822462,4.312717598677971
184,2.0891260679418098,2.390059576952199,2.556819706437817,2.3209903652132544,2.2232548467891124,2.3515719145205853,2.255556189551933,2.2579568373276757,2.2530262578197426
185,7.500364145288102,8.08540866086817,7.493749300390381,8.780237936460205,8.935756281009207,7.1602359472840185,6.610189057499929,7.886087778506461,8.954231488639607
186,8.639287440166802,7.800965131705706,8.258368794933011,8.733718418786884,9.57167227878508,7.6325546014775565,7.265126214149012,8.486319560355307,8.931309608821767
187,1.6491212571803866,1.8460207129048531,2.034017270574996,1.6826662560487478,1.713408086058239,1.7731521101102241,1.5249748433893189,2.2131763138885945,1.4709361022147813
188,4.145817541911634,5.654938062336273,5.031592555015404,5.808486582014733,4.671468125596664,4.951313998978732,4.675903222562505,4.48947496466284,5.794007492206249
189,2.184695881399915,2.5999149129386048,2.706495846255037,2.597180779755304,2.447658110185646,2.490558797467613,2.453020966530213,2.401341877376181,2.5128714355264594
190,3.5745923809403215,5.087418107616902,4.523165278892562,5.2022681649118,4.228582562478249,4.329432393757137,4.1419352138487415,3.9732760296600853,5.24133653548084
191,4.2009360630655515,5.686179515710249,5.076468289052798,5.817634667378871,4.706851608706768,5.001379229039462,4.715314803526035,4.5379924076817275,5.829678612513977
192,1.7802069213064784,2.0767334285920804,2.242615095078056,1.9098403436505647,1.8794282738393921,2.003852388126515,1.8086758743949227,2.1274711866753613,1.7948950738977052
193,4.36715998881525,5.71465742330395,5.20279966833486,5.747364866465405,4.7601437903540464,5.150157602882429,4.798448074536326,4.672519673549392,5.8765160823728975
194,1.8478902255259955,2.2354904798677206,2.315878730841315,2.1441067121071193,2.0619124449248645,2.0706877541464013,1.9639833882759903,2.211666916095032,1.9909404337127967
195,1.6627576999329878,1.944867538652284,2.092095268403841,1.7757942439902756,1.7648435833944869,1.845282427705981,1.605508539026114,2.1500428087304164,1.5855960919186813
196,6.66940472712763,7.166953607767776,6.810666813763672,7.618832626949574,7.307560245835498,6.736761106697688,6.2547715259919565,7.0967123345087995,7.762201719745135
197,1.129397991492895,1.362792597731899,1.4772670639540417,1.2758012840138044,1.3193607447391609,1.1205423634738647,0.9635882190302801,1.9165762278828966,0.8837867516360032
198,8.386912442312237,7.9639592197468705,8.139468442699952,8.933931958096341,9.584050904945382,7.524478045822088,7.103074059960781,8.395697176096192,8.983240105807809
199,3.6769320148642897,5.172358785213314,4.630726759817348,5.266252538595649,4.279980277420211,4.458782038749945,4.2434809015572,4.054605041569471,5.318220860535009
200,3.1326628691842924,4.203094353807559,3.9216448914954647,4.22576437756322,3.646022652270353,3.755856348457861,3.6156278135993043,3.3966078228059944,4.325551273141615
201,1.6416274213338258,1.9423967172010865,2.0642597639235167,1.793023064865361,1.7849171839571674,1.8193802463849305,1.597278325885295,2.1739112658370754,1.583973963225061
202,6.879619398590744,7.259478141749384,6.999192359301637,7.660576231818135,7.4506550778477845,6.914506628090879,6.380973347328639,7.30350265868963,7.905698819776864
203,2.698102777151175,3.340204625192361,3.353435520707605,3.2555134713828466,2.917532727216482,3.1756357058456244,3.0336833178919482,2.8081853721909384,3.3611210850946573
204,4.076910961972266,5.628611858240182,4.971658741599231,5.814605783057171,4.63418309798918,4.892210638141344,4.627960294143065,4.434907523054353,5.762386873098251
205,1.4901591650187664,1.6761798051803227,1.8370415074220845,1.5478337093839925,1.614883994089458,1.557107595792155,1.3439404452806007,2.1679801439849857,1.2786759351129418
206,7.500364145288102,8.08540866086817,7.493749300390381,8.780237936460205,8.935756281009207,7.1602359472840185,6.610189057499929,7.886087778506461,8.954231488639607
207,5.39758883709198,6.462027070896275,5.965767680548256,6.649922911197819,5.951256120324757,6.051830668828045,5.596194175570503,5.7503150215375625,6.868640019258278
208,1.6198622212814713,1.8966204905778001,2.0501645156819124,1.726523248532048,1.71723049111874,1.799182888101986,1.5592684584499097,2.1039554648299994,1.5385581098935983
209,4.658838184118794,6.09935674425045,5.41320849879766,6.295088383046611,5.245714804858337,5.41862369400909,5.0422062128857945,5.035180092411818,6.402013372024
210,1.3968255727308792,1.5325929551616027,1.7404204046287144,1.3895807269927931,1.4737218725858714,1.437979526939002,1.1665492415260694,2.072003806570962,1.1043952241235477
211,8.7190363206042,7.851181923140126,8.333108285797232,8.775526049726928,9.629285786370083,7.706378393466156,7.331418716634916,8.556788090315214,8.989895493072446
212,3.848255751973779,5.219434076777472,4.8006018347344614,5.236826330250126,4.2591482988965135,4.671978388602315,4.3927685649724095,4.1786116174840915,5.310685878908545
213,7.588357668295551,7.758414118350326,7.571799445408716,8.36472614620929,8.70893158504183,7.123296782823359,6.62264133320153,7.887292344603022,8.533869985408
214,2.639724616094334,3.285791036563807,3.266638245047901,3.2563128135406316,2.907220953253597,3.1058906592325735,2.9780992292723663,2.7760176032018986,3.300301876374334
215,1.2628640265596673,1.4628583674249467,1.6160079656047825,1.3542015034755326,1.420652066778569,1.2861304310100228,1.0641729100429624,2.0136417972709686,1.006251437038204
216,4.656203635060891,6.13599565152633,5.424169920379678,6.344967499991318,5.261443156968085,5.428723038393948,5.051106640359496,5.0440219549222345,6.43865689567036
217,2.278157477031113,2.6639542951238853,2.8378753370091303,2.5756987395660937,2.4096624917091862,2.623058762832884,2.5170099584954873,2.416709964262219,2.5784091596254903
218,5.454551241463439,6.534363547104611,6.033247825393459,6.7209928905207175,6.014986261816749,6.122492869524809,5.651116316353479,5.816636559149919,6.951717916510969
219,3.502476546604474,4.760982038328419,4.441746210330668,4.699955828905417,3.990220631778115,4.210565699038896,4.02994859024381,3.8158727661338863,4.894582496613204
220,2.6675982581682502,3.311293850877571,3.299157167512042,3.2773802042591456,2.928044103316137,3.1365278579002482,3.0019706366253596,2.7962511220077757,3.330115970825842
221,5.597237821457702,6.908695527399551,6.124726086026342,7.32002622180023,6.439552088014411,6.162411524270654,5.786362081086094,6.064088517758743,7.441118280671674
222,2.1303306317892776,2.4130678493543685,2.601086438550516,2.3318675258024895,2.2381970800751843,2.400700587546046,2.2972604882556316,2.278271573304784,2.279167201023073
223,3.077432407065298,4.137920512653116,3.857510852719552,4.16531202954454,3.5860759458753964,3.6892564516359716,3.556478284016308,3.340137217169381,4.25963931023569
224,1.5695349305332145,1.71991431446334,1.9250680137579506,1.5549549394606985,1.628305160632153,1.6575138094398891,1.4048515472518084,2.195958184260017,1.3332003355473652
225,5.2290553372777,6.395958983103878,5.790704946963144,6.643612492418366,5.85370263650179,5.8969933143361715,5.470009364949926,5.582223969689858,6.822677076098238
226,1.3553963002170832,1.5372921974514266,1.7098857529435012,1.4130780072759777,1.48698257761993,1.3961108459428713,1.1460647745395511,2.0826558774564132,1.0901488498723986
227,6.7004094177322875,7.2475362000176204,6.868808503082649,7.704075123510545,7.365327324904366,6.797041008327078,6.301957203818806,7.142298636872706,7.8664268010877265
228,10.100689936783594,8.769150710987775,8.666077304566148,9.776835039364565,11.52709633304783,8.168012835233165,8.359468442984959,9.041698213270706,9.87541280572637
229,2.2185420314685045,2.625810699886659,2.7660010835739994,2.591365521702595,2.4356458567890775,2.54505824368166,2.47663786921723,2.4075989603797416,2.540496096092756
230,1.9306055835561626,2.248212360963229,2.3963799278583653,2.1258966746354693,2.05353886093463,2.1702303003812364,2.0254238194103156,2.1949642442068575,2.024188170772176
231,3.2265674852148734,4.211787641833866,4.078075409644027,4.122475726061541,3.610451007534306,3.8615622715611844,3.72117915214846,3.436778753340789,4.330198932260582
232,9.02160492051644,7.78093568731399,8.428705764888376,8.660187857100892,9.692832887100364,7.850082525618878,7.578783136329599,8.696017185010806,8.953482808637316
233,1.030124079491882,1.217959115967127,1.344987765769726,1.105110592658108,1.1585605687385707,0.9603572576105536,0.902184573415813,1.7806347473437183,0.7455660970363869
234,7.34120810859002,7.585940660493846,7.339845840719185,8.022532064300522,8.147997080011288,7.126428284355059,6.509208017695194,7.723622684604474,8.395515293946676
235,1.6529785040332736,1.855794650698679,2.0258781112100825,1.7065490128779046,1.7464164477810369,1.7626317221807624,1.5372996401837529,2.243683852775602,1.4789962767673277
236,1.6347174817551695,1.868380671546927,1.9862924956843255,1.755413771369747,1.7983187780117273,1.7280495089556642,1.5518829180957252,2.2980112899132648,1.4963807948256467
237,6.077699485633838,6.971589184973554,6.48788670755775,7.212824265775793,6.632028252176682,6.510341737245967,6.034082634145829,6.51697294781704,7.383547082189155
238,1.5872814955403762,1.7795538789528258,1.9673311681372572,1.6204608644313852,1.6547919196420993,1.701476606244547,1.461427988371521,2.158219444453553,1.4054987945418693
239,3.338635839160901,4.608452156524256,4.245365181549223,4.651115857990677,3.965646855291912,4.004279318639064,3.88703233065863,3.6746461830730834,4.770722328355937
240,1.556283512419332,1.6871521833567809,1.9118173059503283,1.5141317504370362,1.5858506994210189,1.646158999484482,1.3784125846293984,2.1608824666902224,1.3045114050253226
241,1.600329979962374,1.819661496802912,1.9522943723496358,1.6990351737698033,1.7447196015664805,1.6903845878397679,1.5049956879838966,2.2430813328546937,1.4475578749257216
242,1.7332570195127042,2.041573900218894,2.192432280330161,1.883763799937121,1.8512703635069745,1.9542541655014745,1.7670792930109374,2.1073951616971627,1.756421587797035
243,5.100735134374772,6.426126052784574,5.665071217437758,6.761329896833641,5.831262364532929,5.793270573259171,5.377367347260897,5.470737622582921,6.875594830224471
244,2.6092442792895136,3.2707669190250983,3.2213893801861535,3.2598398450288393,2.9068346325577856,3.0649133432191933,2.9612089855342716,2.75572122917777,3.266957258988431
245,1.1414114766000838,1.3006781625875825,1.4866714596783905,1.1702462203029054,1.2217807983190783,1.1264992746584626,0.90250819643001,1.867090064130917,0.8395823169826687
246,4.634228840056212,6.047379297482981,5.374420279533356,6.237778070340163,5.2091275598321545,5.382354280261648,5.011377173135605,4.99828381098791,6.347480175728575
247,3.8913971610618505,5.255565284999097,4.84818944937926,5.265874755298832,4.289066198732514,4.7260437686388705,4.432261581581105,4.214876474581731,5.341365755429969
248,2.12151117058482,2.3941266387709397,2.5990053144923624,2.305917891991169,2.215021225099235,2.393002397573362,2.2876505566996332,2.260888202774213,2.2632425098409596
249,8.41551605571362,8.003732730777074,8.175641808323093,8.971017534717417,9.617610128059416,7.560104223168322,7.130162277085632,8.431400262706266,9.027946098690677
250,5.5933668454367735,6.974194335328683,6.147115958082336,7.423333435030956,6.486891322134576,6.198064876941936,5.803759187287606,6.0754810756281765,7.558056298092534
251,6.964717906694413,7.817078322693026,7.033721848353055,8.544562879931265,8.142122776642044,6.927304374993136,6.431242352026992,7.466346007489228,8.85386894608033
252,3.686884262105016,5.193273080393839,4.644936885002669,5.2900965395642014,4.304323974805809,4.469227398071906,4.253608489581893,4.071691272626881,5.341474475768561
253,3.6220646027130488,5.16249242022698,4.5795811856551385,5.291348836935994,4.316774320830418,4.383818614626361,4.189403126980637,4.037059000879104,5.326044798765789
254,2.4954865633714522,2.981661396010208,3.083844940098663,2.9163072788035516,2.658407732458337,2.8949530690851324,2.818520754160766,2.602258867064916,2.950057370594421
255,3.126341253110109,4.186620336396258,3.9317641393300096,4.193329578451162,3.625627319657455,3.755672682882214,3.623501600342125,3.3872795037356407,4.311921175658869
256,7.0378579121543465,7.813668656138272,7.098909237065238,8.508622707777059,8.16742957304086,6.979542229552632,6.458541506470988,7.535465630058404,8.838956364542353
257,8.760212666883712,7.6701552898423255,8.25064759649959,8.58061087561849,9.535627329278476,7.6472164603615775,7.340717425969641,8.492778690464469,8.822905436287185
258,2.9392583585102563,3.7868608811763536,3.6686185371195696,3.746004612627094,3.276690012067243,3.5238392268839154,3.3302596282650634,3.132115600768015,3.851994430594994
259,1.8194804675197656,2.2476313468677485,2.285160030525605,2.172872357717966,2.0893687997675,2.0432629620997087,1.961039507021583,2.236542716318865,1.9939893446170882
260,1.513799048516035,1.7173650248011567,1.8590525871458607,1.6012931407274358,1.6647113914532627,1.5784949714215666,1.3743219210499749,2.211083776034848,1.3146563205087554
261,1.5792243141861215,1.8916420907439915,1.98963798074789,1.7673113557593392,1.7651585253034174,1.7412566942813037,1.5505238969202382,2.164992359829258,1.5360372990986315
262,5.018503221377513,6.182315462155792,5.653805208369021,6.274947061632553,5.492602567072551,5.726311021152047,5.279971967998827,5.31032546052623,6.504416739011991
263,1.625160502571527,1.821244500866667,2.0026937062048304,1.6643742088839828,1.6999069755461473,1.7388109054092191,1.5026296450430294,2.2010611850241233,1.4456060452751118
264,3.279861774534612,4.5406526963143445,4.165073226397433,4.608028230750513,3.915792043085243,3.9292949675831363,3.8273605728294773,3.617169403809914,4.7015974009512265
265,5.238851191278277,6.506287447381936,5.819498299518012,6.792080977536314,5.928217858163255,5.9402038162917945,5.495707422425083,5.610341397404818,6.955980384912774
266,7.8074299378565275,7.483482697052925,7.764713357240016,8.085359866001978,8.61817326044695,7.230690276766376,6.731762015053257,7.9942577013268155,8.327322652166472
267,3.4931351862350772,4.756689095265235,4.434181691590801,4.709512338564089,4.0090002975089005,4.198669183799388,4.026236498602757,3.820014288020987,4.904102827441244
268,2.8288285043950796,3.6805122734222353,3.5035459005630596,3.7255545833468857,3.2548688568667354,3.3189339726471987,3.198291579213423,3.0405913422274904,3.7446621121596664
269,5.298956359611064,6.535361727074783,5.884308808093255,6.799903196398299,5.9657893954245695,5.9976571707271376,5.548220035925717,5.670642351010636,6.984781734281811
270,6.475110081605355,7.3395145205552375,6.733418604826735,7.8896736216577485,7.298693806734151,6.711731246325783,6.22617718175882,6.93650550749671,7.934253793725055
271,1.4147975645700688,1.5423553196856166,1.7599141170698145,1.3934391678380424,1.480612438584384,1.4620438162440332,1.182837718720084,2.079408163626632,1.1188248328100314
272,8.23185335955533,8.012792667743028,8.03443810487769,9.014387850060587,9.568279279115433,7.426028330825951,6.998962712181811,8.289853242978653,8.951391951647375
273,1.4665831999698293,1.5945218451392227,1.812381247678271,1.441854769987839,1.53023011152984,1.5200818040743949,1.23423662942793,2.1282712632498693,1.1699171124706103
274,3.6976828526219863,5.138809954142312,4.636836155557647,5.205575477097606,4.225032944956459,4.481120146717763,4.261929405981771,4.052022193028442,5.272357353607491
275,1.7117912307063166,2.077548116221389,2.164337169955008,1.953140149278903,1.9030681177447808,1.9222912244924975,1.767203355465401,2.170084134982393,1.7679499493285793
276,7.579840867447163,7.853237382976057,7.567281850615054,8.472217528805903,8.780401007450882,7.154732885523463,6.631587860514443,7.905449275916822,8.647851973709512
277,2.6434491236782094,3.280667261028565,3.2787071105106356,3.2430056579121134,2.895175176321895,3.108242078368556,2.9759090967735427,2.77149647147554,3.301840867575219
278,1.7562583937658356,2.168437563798133,2.2245905968551853,2.0893429118444304,2.008877596733828,1.972469751325941,1.8884212709787735,2.161482665941145,1.91738224455448
279,3.5367390332778323,4.799784595050025,4.483229119157392,4.72715351370229,4.0084152225129905,4.257765724168609,4.06296402372291,3.8487857835925343,4.921148803846141
280,4.234478831862752,5.700486529064586,5.100555600980123,5.81501814448738,4.721850002685747,5.029438910586537,4.7357518949535296,4.563687009499793,5.846746690962429
281,3.1234598837255763,4.1689475732356405,3.9407779988852023,4.159214644876232,3.6039901895219377,3.75391719372168,3.6291774540444592,3.3795341791446853,4.296552200685032
282,6.5257656586474075,7.378997134331996,6.786271771048366,7.919853122628361,7.344163587649331,6.761821739336796,6.265492982303574,6.9948688444232285,7.99114627363833
283,6.335382129771157,7.587275225342974,6.7136106712722885,8.183307518634434,7.3631543791241,6.741864551154363,6.253779616793138,6.8890956755847474,8.22067364236105
284,5.810781133254152,7.047616826416784,6.332113374581716,7.392908292021004,6.595308775810013,6.359869414714645,5.948616691918413,6.285711631002975,7.561710179478698
285,9.099574201662643,8.910721185210974,8.296865482636848,10.08272515506474,11.25801767410705,7.741495085861444,7.6132098318710995,8.62850038652135,9.50129133930832
286,1.559905561579331,1.7236064242513134,1.9153549378931205,1.5664758848185432,1.6401146149468395,1.645226289515172,1.4038363525070738,2.2026205847890097,1.3334321704302412
287,8.144713313883429,8.149604890980198,8.003514064036368,9.168564110147324,9.645578220785373,7.400249432062787,6.959983593660785,8.257515367639485,9.027940856415599
288,1.5323687300000353,1.7394201404721348,1.8782118253091677,1.6239587535530033,1.6868309769907521,1.598981317197559,1.3946901223599055,2.232049696853175,1.3356810266816106
289,10.716078685409066,8.766676256670811,8.973257804794347,9.705808828371215,11.750509750400488,8.509896053655522,8.840206676878614,9.399059304818405,10.2539894936442
290,2.1851577481378075,2.579606345392547,2.7392955509394095,2.5304206460873906,2.3749446430504526,2.5121763520508233,2.4366510480149617,2.3628290168281474,2.4953391441840225
291,2.7951733296776946,3.648786770334849,3.4665317402378757,3.7031457919071387,3.233734379539893,3.279448129877651,3.1691680705485945,3.0151714276743906,3.713235300535488
292,8.852770424954288,8.927529893427545,8.210822586263959,10.150928823849314,11.206130268880303,7.6344582518543,7.443946828506734,8.531566064878636,9.471069536750452
293,1.451760204474458,1.5848000942992786,1.796741151045656,1.4359925591807232,1.5227907543646957,1.5012533150137548,1.2205554572443835,2.120102688614665,1.157326611245292
294,1.8861116892997083,2.187732922007275,2.3556106422203964,2.0617151398666773,1.9930137524428064,2.123649759000045,1.9765162412374333,2.137799016600009,1.9696250224033527
295,1.6378814830575918,1.8510737270713702,2.001419638346445,1.7148337902388515,1.7648190533786405,1.7401800235539708,1.5354192689508288,2.2579733823894843,1.4748620820556657
296,3.5073937878611323,4.7640369981698125,4.450443949290574,4.691818839505529,3.9739170692998824,4.222847623959611,4.0328131852702285,3.815737034818841,4.883894447413028
297,5.121276548516145,6.488499762070675,5.702245734791682,6.83882617316553,5.87429516097605,5.821619728075082,5.403036882165943,5.498947633754604,6.947844778014982
298,6.705946593935719,7.368500545316301,6.929673321195261,7.842790106920792,7.433909266438102,6.8672682963566505,6.353181200433462,7.172223111341299,8.020102156026327
299,7.655096136301765,7.991706948506344,7.662045946109992,8.609691802288163,8.898027110300669,7.26443433817768,6.708746130487095,8.013105599686691,8.840597510619963
300,2.1617534387405,2.5767334801619994,2.6796777474257647,2.581234293050094,2.4334468861157608,2.4611924278030046,2.431069950558239,2.3832375897325933,2.490027587090578
301,1.5989756614380666,1.8806834158670338,2.0299433487716194,1.7150181437739842,1.705633407507167,1.778276904927588,1.5418964029373345,2.0961072001491834,1.5229109122855153
302,6.224390876607221,7.4631755941573275,6.583588655060982,8.067761026039829,7.251929053206653,6.609151857095179,6.153900428636261,6.757629679026976,8.05368271949737
303,9.870202133244769,8.9672160687762,8.653423873420536,10.009046339250308,11.54548932063337,8.14304348237212,8.207150617535447,9.009598296163034,9.83683009225059
304,4.235088038149155,5.754437411276213,5.129447335781656,5.902065898102321,4.763570964919066,5.054233328636474,4.758994269279993,4.583450005409656,5.897760908569238
305,7.067918006007479,7.531801739291215,7.056206996603068,8.109238062680308,8.004206997194697,6.891041988261422,6.350622761200478,7.458160723488863,8.354671466247162
306,6.123166957971186,7.1077195167238605,6.5696560332848195,7.360897748927972,6.739485692314877,6.605662691942578,6.114824319982195,6.5836929473815005,7.5641672905174495
307,6.066579187219744,6.982002494732466,6.480312071897281,7.227835878753465,6.635953233967824,6.5087866787922835,6.0348665144217435,6.510349250835983,7.401483023712514
308,2.218807231247573,2.6294992693247066,2.758583951599573,2.603255848608893,2.4489303650900456,2.5409576665430333,2.480314698609195,2.4161046496527203,2.543213280064914
309,3.5246109150521754,4.782423263768342,4.4715381294203835,4.707234494763739,3.986209076742142,4.244517621766051,4.0489732321292236,3.8269428658035904,4.899527951790608
310,2.723625998880841,3.3692458652880926,3.378276075054702,3.291248974448973,2.9499876603070763,3.204002472514182,3.0588749162027256,2.8378495681485405,3.3907102507875075
311,3.8888262179389455,5.279047808494512,4.846377589018073,5.2981684115475725,4.314732761234912,4.7194683204250465,4.434768698138154,4.228568183735403,5.377401170325035
312,1.1292291892412862,1.294743140506254,1.4717413313216485,1.1673315002967382,1.217647480500508,1.1083360028991425,0.9004583700200284,1.8612544789488008,0.8297760473862301
313,3.1399367056236263,4.202986875722865,3.946001522358622,4.209903583443818,3.6411537965902787,3.771352777891927,3.6367615931854065,3.4004068821659454,4.328351552053205
314,8.99345034396294,7.7424796437933585,8.39230170169298,8.623889989165132,9.659685715016348,7.814088143985496,7.551338145784399,8.660897126160327,8.916397278628601
315,7.350112179496558,7.540218829114839,7.344562885752784,7.955875324270625,8.135853300397633,7.117780939264685,6.502648816134918,7.7195056799218715,8.325458581706927
316,1.9082028742405361,2.2135986993308103,2.376719947080023,2.0878336726101265,2.0180338572043337,2.1479016133629285,1.9998860707425916,2.160398142294634,1.994498640426238
317,1.5796089953067816,1.7529857914515268,1.9342537608725001,1.6012036969675274,1.673679094766177,1.6647475332243513,1.429108650537961,2.2330060965993854,1.3596876851476976
318,7.5173098793354365,8.205955033860178,7.522799997655594,8.924943356032324,9.016756339362486,7.206954218863923,6.642724854805997,7.931894467902957,9.132887438131089
319,3.367982806609579,4.642281662466041,4.284242275926075,4.665118825539746,3.986144809345977,4.042311009145502,3.9155617658051747,3.7083257244099577,4.806543373323654
320,1.610113323022369,1.8038690346389104,1.9942479437260137,1.6417503513714933,1.673655457276918,1.7301372126442998,1.4841670759305374,2.1755420060003106,1.4297602623901642
321,2.69836453486595,3.5585699558180495,3.360135365193856,3.630160006081225,3.1664524480246676,3.1726972631888923,3.0859813125847544,2.934418801467884,3.6194577153214795
322,10.222156286797546,8.731400258962294,8.710501054666638,9.72088836601965,11.551360407986804,8.21754183039401,8.451360741873556,9.09464328837555,9.934423889542108
323,2.907460224007953,3.748583561667515,3.6444790288057085,3.690623309634246,3.227229517735221,3.4964585047093655,3.3097609429049157,3.090106496319837,3.8161434909248975
324,5.1190200744102885,6.449706031074205,5.686878558292572,6.78483020914053,5.8522642166418075,5.8154515529577555,5.39499854126085,5.491407756243828,6.901922800511481
325,6.232934249221251,6.99416782106192,6.6060074487895735,7.2192899786458735,6.7069518578658425,6.633003863546717,6.106054286800787,6.649810360157295,7.381958903034125
326,1.4529566781122436,1.5718027528658969,1.7996955195112292,1.4148272136776294,1.5043713031475243,1.508348234357726,1.2185203443113368,2.1044457465775706,1.1526254698489589
327,7.673110636606852,7.803382804437679,7.66923403183423,8.39456844720238,8.756804934791361,7.202870918491433,6.692827355763282,7.974919242838544,8.607505901900087
328,1.5887257267156123,1.886642530861258,2.012362798945418,1.7382077146819823,1.7318166024155812,1.7632057784748796,1.5430899689542361,2.123863792353545,1.5293947093108387
329,1.804603991358598,2.1850271375009904,2.2732856008321494,2.09253416281902,2.0121002974687716,2.023017500605256,1.9174089891492774,2.166498441685624,1.9414124560757684
330,2.4891089150726597,3.1721776543225193,3.0948988848587504,3.2136538688818197,2.8534604975491424,2.925702565012488,2.876245069110735,2.69704908999534,3.160086862284992
331,4.673441897325225,6.158193551414101,5.444209071160119,6.367283426988061,5.280901408187179,5.449640795039646,5.067830301501851,5.064296145303775,6.462451170296267
332,8.06086613252788,8.451410481978895,8.011081620140235,9.47374522162638,9.818922864410487,7.426075298628019,6.950931508405132,8.274046337468336,9.263732271859045
333,2.1613195872601234,2.5731316052910578,2.6837941810148394,2.5695946587744385,2.4207353307226147,2.4652000471362863,2.4288703031134786,2.377675516798509,2.486489445354512
334,1.3172816984875213,1.5106632589397588,1.6718876175028954,1.3945856542263857,1.4645228537831365,1.3506732481457304,1.1132396625096286,2.0580676408943495,1.057800376832035
335,6.723500185298306,7.206890026822951,6.864691966075171,7.64973517269042,7.353950138589561,6.789582752227524,6.295006568177416,7.1561892446171065,7.819338057876416
336,7.363271619427046,8.025407301681167,7.332919188733475,8.763562475112176,8.861842824371509,7.022914204631254,6.500816315184656,7.74617295084427,8.85248749355755
337,3.246331475179737,4.229410528520202,4.103463269457055,4.12886357522482,3.6207133157960856,3.882360580614718,3.7410255117091187,3.4503051660507897,4.345171999619111
338,1.6180564635484402,1.8078237099774062,2.016510855296426,1.6270237164320356,1.6468988262150173,1.7595930364342125,1.4822823512176417,2.1487045103168168,1.437251829867707
339,11.104305724889993,8.77090333866954,9.178469729173232,9.667883796355504,11.899790847414096,8.752821191951487,9.161193822175322,9.653263855693734,10.521803631515066
340,1.689936865063825,2.0438182915413106,2.141796512900979,1.9157124064110347,1.8685494497424218,1.899628622923628,1.7401883447975286,2.1341870201488184,1.7393100515303022
341,7.84533186231271,7.2980966654397506,7.770550258354373,7.929853601242819,8.544768961103102,7.20567575486916,6.725946518877435,7.9732125204486834,8.19341570263978
342,9.440603135656444,8.951595426581397,8.453000011592803,10.059431820986987,11.382607663942473,7.9296417024872206,7.8808864999381365,8.804822726999358,9.639950797038365
343,7.1739077847482235,7.49849548747728,7.156099504469665,8.003127913633397,8.028757764814042,6.963844615881483,6.388953214286517,7.537338347894422,8.280851809955442
344,3.3547910091888915,4.625472780863562,4.277428618030637,4.634851357654619,3.9611193572001233,4.028185177009115,3.9008813684775614,3.6970297889020434,4.7871946799995175
345,1.4717006307170737,1.5932187146296912,1.8183064367172475,1.4362972510419445,1.5257907350712414,1.528287039014858,1.2378219759661553,2.12499004054558,1.1721700931263488
346,2.21845210044327,2.6276698123206375,2.7616980851753445,2.5973791905993053,2.4422883841040983,2.5429446691687643,2.4783292923779476,2.4116030140699185,2.5419379171255962
347,8.333106774164031,7.7812173022119335,8.030087341708612,8.749420609376465,9.453822709135224,7.414744718332498,7.034740480932007,8.294491527272095,8.817036329159329
348,7.074198395181767,7.510297561050922,7.060182918014847,8.076201020697024,7.994091588674558,6.888852527928102,6.344860738032176,7.455758406387153,8.3184876627055
349,3.3674342618349056,4.642096277108455,4.282498231019625,4.671080019186103,3.9904591108063014,4.041050456995119,3.9156392418113994,3.7077688984487116,4.8060281677487
350,7.89976784309301,7.52174406127817,7.8724149340365885,8.124048933985033,8.682200596190516,7.323612796170359,6.806449245166636,8.090529972421221,8.411293384747365
351,2.1379677947248354,2.546359114867704,2.6611307486758977,2.5420213775642715,2.393822140611751,2.4398436895126334,2.4047386570293408,2.353833139299991,2.4600852995999825
352,4.233653303102297,5.727482491658003,5.11500833617349,5.859397934428134,4.744249355728599,5.0412155843986906,4.747730953010834,4.575882342812278,5.8721691726674585
353,1.3501472038260702,1.5358240049167908,1.7049108879730583,1.4138231110404635,1.486625661273844,1.389593264580451,1.1422076325243695,2.0816868960046886,1.0867837292062152
354,1.6091361774740263,1.884558494725146,2.03961972947344,1.7142191721024314,1.70536122548031,1.787658369554317,1.5477245890746594,2.092273327946316,1.5268239063057398
355,1.647005359949388,1.9209599703334646,2.0800728930107013,1.7443348756623476,1.7351355618641378,1.8303273545686924,1.5862688196217456,2.115723954564503,1.562993959561957
356,5.830840465077148,6.958717271769391,6.305234818699613,7.2745804468391215,6.554848995027486,6.336279703441478,5.927890589593029,6.293033242056819,7.432481015794043
357,3.546514202269155,4.801507503618899,4.493680048839675,4.718568375258281,3.9874858379519296,4.277908116797828,4.068565851675536,3.8418551041267692,4.9097966113782325
358,2.2083144008956483,2.6301740252631505,2.7256876402037973,2.636366752845463,2.487262964827658,2.5118563910222806,2.4795418569030487,2.430577590398348,2.542674877779252
359,7.933572818528313,7.5231713309994594,7.9070119492332935,8.126938208207273,8.698832338943385,7.353212167912769,6.831637393395479,8.12110871919747,8.430319528497614
360,10.731999136871796,8.675480101463666,8.93702215517821,9.60992426862783,11.703519739867604,8.479643099920198,8.840223467556491,9.371977394912227,10.23362842036748
361,4.542791814613145,6.046233210611724,5.31313831321047,6.276173571167367,5.159257884362054,5.309494904463643,4.956248036380902,4.936449368857003,6.338684536092947
362,3.7340049488293308,5.153718203361907,4.671365484159482,5.201918757421463,4.223786412271078,4.5304978031019125,4.295045403030121,4.079416226948354,5.277020427314205
363,1.711137866196062,2.060538519216803,2.164293185890291,1.928365562783403,1.8826987511020028,1.9229245924575284,1.759997121935549,2.1451658857191256,1.7586293361750043
364,1.6544259270985004,1.9253871189566858,2.089920833361194,1.7443602683424864,1.735477143996349,1.8392375421833629,1.5938665856191419,2.112280442068739,1.568136848383914
365,8.481980885291259,7.876702400339758,8.17897673269613,8.825769673035214,9.560264697261978,7.555787247208136,7.158809257819463,8.434717692828244,8.959875894375799
366,8.328852059821584,7.989748656355249,8.101686697203183,8.972365729607866,9.582023934689083,7.491070614981346,7.065437467179403,8.361257360308807,8.977501978395994
367,1.5371832106470524,1.7358016654697637,1.8820128070726274,1.6146707689367286,1.6791475731468382,1.604216212042326,1.3955269772145915,2.2270586502580003,1.3341103419203866
368,5.163710033878845,6.489690509951215,5.735849230419759,6.81654073444505,5.893663191861609,5.866665929646102,5.434444464693314,5.539112198229083,6.944851347929559
369,7.391263282613392,8.031847539965241,7.363978383289854,8.760235392422045,8.872737405108957,7.048984643437513,6.52188262149348,7.77324325632232,8.86509730237148
370,1.7107191867604061,2.082169247626105,2.163413517003554,1.959352479465724,1.908263622564196,1.9220552001891518,1.7695317045931982,2.176080711460756,1.7704499060053704
371,1.7428650905928635,2.089913643429317,2.1988801430580844,1.9537294076253067,1.908864183264243,1.9588823123539496,1.7917352029350089,2.168519800230033,1.7895896206360185
372,2.4973837842819337,2.980309152970861,3.0893446818735377,2.9050223801448873,2.6478199750778666,2.9013958171046297,2.819839108943723,2.594817051702055,2.9453076867406445
373,1.7499633132711336,2.031310672533162,2.215968339994644,1.859711216166649,1.8333373914487403,1.9695487514049106,1.7717668243619942,2.0817382428666384,1.75361786173552
374,1.5893491886824491,1.7804554994324495,1.9773274434008175,1.614514599012277,1.6440556926369956,1.7124524257670317,1.4602641356503017,2.14676469638193,1.407838914601747
375,1.59422439729549,1.7828710518547655,1.989655537464389,1.6056093263533446,1.6275935315200822,1.7301193973910838,1.4591210741608958,2.1309998749315873,1.4123659072857493
376,5.452346403729817,6.50051398327481,6.021403166188145,6.674301180553945,5.9945448885805925,6.10486256454489,5.640845543326783,5.807521040677135,6.90811847882286
377,3.5745923809403215,5.087418107616902,4.523165278892562,5.2022681649118,4.228582562478249,4.329432393757137,4.1419352138487415,3.9732760296600853,5.24133653548084
378,1.1076994148449137,1.2736655235831484,1.4489497679581589,1.1477999363554796,1.1979730926854881,1.0833573090663888,0.887905885408722,1.8393607259229807,0.8118199533087037
379,4.115697126438431,5.666798848970415,5.013685408415661,5.847717557740495,4.670175455383441,4.93419388843141,4.662937260990816,4.475016470885946,5.802532113080202
380,2.4195479027438194,2.9566439906252646,2.9990288648915144,2.9519809040675278,2.6917191549497583,2.802499469650312,2.74779275621456,2.6010432144831355,2.9187618961050252
381,1.5912607719393543,1.909449237025241,1.9932127706940652,1.8000833678771335,1.7958794022436306,1.7409545280977459,1.5689505566682618,2.2031860773210346,1.554929752441385
382,1.6314022433861683,1.8406263376375642,1.997321592818159,1.7008410863852894,1.7486670291941377,1.7345778029014003,1.5250273852093428,2.244998351486177,1.4644205411495435
383,2.519448136133441,3.007018008093942,3.118460739845452,2.922630646310838,2.665679440874709,2.9362359832190337,2.8450638784554205,2.6142012322302977,2.9687386042835815
384,4.313015263010582,5.719179435221592,5.169632199369449,5.790834963964894,4.74528915643406,5.097231647108661,4.778195869808876,4.627332376376028,5.880223381119333
385,2.107772324805007,2.386699786728509,2.580496046840304,2.3048288815075124,2.212272535073958,2.3759276075282134,2.273831639333323,2.2551266757474626,2.2532868860021584
386,11.313404538040668,8.846973579500691,9.32527286704721,9.72205875548527,12.024528099016617,8.917475213477239,9.34468227541701,9.82051207637019,10.691363614605224
387,4.380094527067012,5.803749496556277,5.2460786224502325,5.8750509174604755,4.8210744235096445,5.177117091498568,4.844380109113142,4.699982462563519,5.966478330419006
388,1.801694583632625,2.20637251034619,2.272115605833568,2.12231212161871,2.0413260560101874,2.0194972033057823,1.9280811840228154,2.1905263578523444,1.957525613865622
389,2.2665803040003594,2.650399610995406,2.8265987834720505,2.5617594440926985,2.3960357516627546,2.610159913682517,2.5049602772452153,2.4046953628277605,2.5650107743398474
390,7.973361959749696,8.214829878040572,7.869221808063608,9.255015212036408,9.642098753557669,7.282006422533306,6.846595068889871,8.125800088040764,9.008533317582804
391,1.9277693877824207,2.348596981383243,2.3975649874446043,2.3245944690441656,2.195469438628993,2.1675532134872775,2.1275288900540414,2.228571117381324,2.171593316722784
392,2.454885322394126,2.941875969984358,3.0432534045445014,2.8890606574784816,2.632615634191987,2.847039878547266,2.77738320606396,2.5716930514232126,2.9129991897154195
393,3.457225417773117,4.7202723963166955,4.395765472132729,4.682090081810334,3.989007484705551,4.156109940944558,3.992170596609105,3.7899723823440175,4.872122010266334
394,7.702969631001054,7.806741296828065,7.70249159462151,8.392842239463457,8.76571689599439,7.227200296616846,6.7155763694052215,8.00116089499443,8.618785841157719
395,2.4856412092377105,2.9580586705304786,3.088798911148732,2.849905873905863,2.599527186636683,2.9164909497118408,2.8017483554578155,2.563906644236933,2.9129223317396162
396,1.850600128628634,2.2071252457695376,2.3227858664706313,2.103198300606352,2.024607449894803,2.07614384695675,1.9546019870462723,2.175547292279163,1.9669966843854765
397,6.426660043832265,7.365064058408565,6.709961403503548,7.935695080877079,7.286029384843968,6.701729635471507,6.211653404848533,6.891304643135678,7.956920589728357
398,2.3581284858110183,2.9162464677964217,2.931746727406474,2.937047535272944,2.6726939980212285,2.723052430299881,2.6896842305627895,2.576029229387556,2.8708468017320765
399,8.081785994226207,7.958836687064213,7.8939758391574175,8.98290518256931,9.499053112957249,7.291810046153769,6.883444151874585,8.154489098986181,8.839055434065877
400,6.327413196934989,7.415469386115896,6.653625524245705,8.01178608229666,7.267517962598939,6.667664244246628,6.182349563722322,6.8254398722918594,7.999320579914546
401,4.29135293219866,5.786228519149716,5.175111520374934,5.910656305220781,4.798966103876181,5.104733576184196,4.798870758900352,4.6332452684431935,5.934010612805049
402,1.742171348694666,2.0653456873814995,2.199680558492217,1.9156515519837949,1.8784361742302413,1.9639399471582824,1.7826060231804683,2.1350167993600326,1.7757010108861615
403,5.19448163442876,6.465071778108084,5.769256234350233,6.758652293842325,5.887338635359236,5.890149441662268,5.454682051918827,5.564957667748032,6.911008358435504
404,1.6330065791442299,1.8637881631741415,1.9852117515884418,1.7485171296860416,1.7921945750160893,1.7267997664289116,1.5477501308572519,2.2907300139399083,1.4916688247319174
405,1.1058067453921887,1.2676668745242101,1.4488183473652838,1.1403847285863937,1.1910861453668213,1.0843428794552479,0.8822862533838887,1.8342597696866427,0.8101240026729085
406,7.001673948935258,7.729399843252416,7.0413189618448735,8.414815523212189,8.102799620596528,6.918380369418016,6.406937709617516,7.474821044343133,8.695392439896283
407,9.728855597932002,8.865499418216812,8.535874832629457,9.92194691321681,11.439572132420375,8.02032519658838,8.084286906706877,8.891556715205482,9.716905810102237
408,1.8982035049418262,2.191914333790538,2.3685536573330985,2.0622891067151,1.9952078411568062,2.136888440285038,1.9870564550800753,2.1350098674688245,1.9770486500492395
409,1.775560471170571,2.2014691993054756,2.2416588861454905,2.1276619171268893,2.045514314136678,1.995524924532453,1.9159766545676062,2.1962433939735817,1.9480222669763612
410,1.5774633654870394,1.7145510576749112,1.9329443035768792,1.5431548079712438,1.6153810000014164,1.6682975767907782,1.4038424833116783,2.187708241424019,1.3303454555439247
411,2.185584532376224,2.6051333150892435,2.6998270840386414,2.614524621114851,2.4666435707782304,2.484677905887925,2.456401618996835,2.410289813489162,2.5178541525036437
412,1.7311875587471184,2.0613288069407476,2.190279833944461,1.9156995282245495,1.8762910486774358,1.950605336548137,1.7737218621760795,2.1354520317189527,1.768049888635868
413,4.143275558644634,5.682810348594113,5.037580019557182,5.853731449319765,4.688733636262868,4.960429093012818,4.684244353221172,4.497097007778975,5.820804625911463
414,7.662665114726701,7.632476664117456,7.633280676470807,8.219900117969843,8.643336182146633,7.1385279647065785,6.656429545811113,7.913509694519133,8.406807476960456
415,0.9960201452797066,1.1779876618851668,1.3024468454859162,1.0665303205034016,1.1223555331550543,0.9160282981513878,0.8933696002990063,1.7392642319615772,0.7167750798443937
416,2.4973837842819337,2.980309152970861,3.0893446818735377,2.9050223801448873,2.6478199750778666,2.9013958171046297,2.819839108943723,2.594817051702055,2.9453076867406445
417,5.420815849254837,6.5565352830182055,6.0025879884490205,6.769420294115203,6.0194424263119055,6.108821765992855,5.63494279457632,5.78653952727116,6.991914367109711
418,1.646768729605777,1.8845645589170952,1.9975893532172673,1.7743179922147907,1.8160914748935293,1.7401744073465693,1.5674355634965071,2.3151041921182047,1.5123970324144953
419,8.169528413200691,8.189333198551896,8.03961603103455,9.20489733390499,9.679421417735606,7.435195043563637,6.986723545089594,8.293229075029249,9.074874815901495
420,8.500408239157428,7.844800953317903,8.179160676992453,8.790682773119904,9.548780910157314,7.555940580711261,7.167860137751571,8.429844299911794,8.945175932307432
421,5.621460598487764,7.027068299808869,6.188890753227582,7.483076399684912,6.5324555193972085,6.243376818372627,5.835738249964171,6.111043318403928,7.6327601933831115
422,7.426853160103623,7.399336395915237,7.422693043403383,7.752330184442448,8.113677688529492,7.135998852255233,6.526586102646329,7.762932362352718,8.133815542104756
423,3.6460225658100636,5.108188947664848,4.590366020195451,5.19179763274834,4.207283401251692,4.424730784880138,4.212507225499296,4.008924460149674,5.247572008071043
424,2.389593134486327,2.9049910460231665,2.972328810566593,2.88735284640541,2.6319720258435564,2.774099296041248,2.7157349534783632,2.54909802768949,2.8722890779953283
425,2.993745736224647,3.8456242319728258,3.7401275780298837,3.779051203489804,3.313638629009272,3.597198839961057,3.398672531790281,3.1748362975436524,3.9144714902518793
426,2.747291840290722,3.3855379483124732,3.40961516356342,3.2797470194429357,2.9417260983569076,3.2285310180638445,3.078487227971714,2.844840277180232,3.406453496673842
427,7.586186260148402,8.103103938749383,7.593793967504996,8.76768039245804,8.96683958872513,7.241266942636019,6.676746465274828,7.966632717016678,8.98747689827509
428,2.897492540255158,3.738991920619715,3.5868314051587586,3.7386277881267214,3.2674221555669485,3.4268407731116195,3.2581083634737453,3.097282469804574,3.794712250073784
429,1.1598285646428337,1.387530926306575,1.5070165953238035,1.29736512699692,1.345977991132393,1.1542185050620906,0.9835068868031361,1.941149623885032,0.9103865337440784
430,4.54269332727826,6.082111272202692,5.328375160148326,6.324902468572026,5.1764161540325775,5.319506565256014,4.967508627579311,4.949359662337056,6.371910200961922
431,1.6836987354048771,2.0725202606798714,2.131238539900797,1.9583559717324852,1.904478161283351,1.8875930038826174,1.7486905914741602,2.1782248823335424,1.7503032719706688
432,2.3300673264965965,2.8942306981680725,2.897637386138535,2.9252944095739966,2.663276218419057,2.6869925388590987,2.662697699882549,2.5600485529310704,2.844849981820643
433,1.777607383877966,2.1934857930638523,2.246047025132554,2.115090962829091,2.033685101480372,1.9961406595927618,1.9118531486034693,2.184521743220721,1.9418896633084
434,2.231240771461227,2.6354420689558795,2.7830307403644374,2.5925446021653706,2.4357722516950244,2.561923131814381,2.4852658128091925,2.4112272427097357,2.550616574181386
435,3.42465921833629,4.671124595930358,4.355512872286038,4.614701614157274,3.91000817934008,4.120259549392037,3.9541031957794828,3.736374112587594,4.805245632002825
436,5.959320131119286,7.105507292471493,6.455554193501969,7.412022296848966,6.692335825223053,6.489034394355726,6.045576106333595,6.440523524085487,7.608105961635362
437,7.827418681170058,7.5577736554634996,7.7968723403124205,8.152855556827006,8.665667662549275,7.267895161957809,6.760179226283637,8.029990931111971,8.403582283620949
438,7.549796869242098,7.879213595778727,7.5307490244690705,8.511746096972358,8.795130260647333,7.142258448622905,6.612384843275378,7.884090470737136,8.676122895896608
439,7.688736303459434,7.669322251977483,7.665623703365646,8.253976851998845,8.675003601221464,7.17176312919881,6.682014397938104,7.947731341067693,8.455157558385135
440,1.7392310248506622,2.0188281329354454,2.2053392560413436,1.847053980390466,1.8212142903617587,1.9577778817659277,1.760113447276384,2.070321929554907,1.7415351603999434
441,1.5724373402204597,1.8826668332673238,1.985682612397072,1.752220637677441,1.750836127150562,1.7379323818031145,1.5408938318913141,2.1471082689275374,1.5261191720854286
442,1.6271815303178747,1.9006634721580988,2.059541133170526,1.7259831369754473,1.7172179618290053,1.8085038962948312,1.565505586053513,2.0992815190555656,1.5429452547937423
443,1.6446704871250808,1.8639166885206564,1.9992827394624717,1.7381110936642095,1.785140838322486,1.7406093670300975,1.5481385079070475,2.27988995462206,1.4897035903779767
444,4.21728856999811,5.70682953916724,5.095690127392811,5.8385386453314,4.725569274985545,5.0212878661768485,4.731523169442923,4.556901695665905,5.850917663461856
445,2.1404824902574875,2.5558236435947217,2.649479311853112,2.5709839540195163,2.425222202397479,2.430236953968547,2.4106372038195243,2.3690427049499596,2.4683322774106276
446,1.6520252972752503,1.9328025585715385,2.0818006051551445,1.763465603892737,1.7529199510564895,1.8337568522100505,1.5939385553181566,2.1382996707673145,1.5738167050078953
447,7.394846624415154,7.420274194390093,7.386286053248065,7.788172844960062,8.108263433843208,7.116065468035086,6.508789273583765,7.740175312556989,8.158437295506157
448,11.63733503890281,8.97274861899993,9.558365715639415,9.812427406366345,12.230521285869955,9.178203655188884,9.631148026512621,10.085031897561244,10.957489900787445
449,6.24621302630615,7.430997097978363,6.592032397543035,8.031959854149386,7.241059223053196,6.6126270823784346,6.1493754985414,6.771506264467991,8.012188622736891
450,1.560229097392616,1.7394181395733348,1.912227341287411,1.5955190348289037,1.6660390523254278,1.6398748122935463,1.4122901233313063,2.2232398313915596,1.3439023768079532
451,1.6427927057413287,2.045851882715116,2.0827338041395715,1.9452814663689038,1.889858967544084,1.8332068559060692,1.7051977568115395,2.1739369249464437,1.7126613723532094
452,7.352279437845115,7.297805271962191,7.3286995669890125,7.655351240657883,8.027269684549127,7.041939523814722,6.454274826609472,7.668750196811748,7.996181866826432
453,1.634909419428331,1.9576046232390116,2.0367875897306655,1.8495761281780376,1.8445697276786837,1.7866400456196085,1.6159750376838387,2.2496369791144453,1.6021690695900446
454,6.85832568085101,7.229157582412219,6.9709276150436095,7.631220978904935,7.424301042968133,6.88589070821978,6.358509099925613,7.275190671262746,7.864455382919017
455,5.408269768401665,6.491515631612008,5.981142959330092,6.685223548128666,5.973333846847063,6.072685745864207,5.610667506094166,5.765641770823837,6.905294070934002
456,6.986623162822307,7.848071685756161,7.062168638581075,8.574871585244685,8.16907601546843,6.956139093180464,6.454027790796987,7.4941921366015505,8.907700094138963
457,1.5916713271949205,1.8053535733544765,1.94706867028671,1.6780700015094279,1.7263081697922666,1.684567940735434,1.490928983837059,2.223466581356373,1.4320681158542885
458,1.6285525090856412,1.925913068034588,2.0540407253636728,1.7735486699109695,1.7652321166801248,1.8068650071342236,1.5817234324958092,2.1555230367179616,1.5676369383649642
459,8.386041810991975,8.069445918877426,8.174771109220751,9.04625696049011,9.647619219458456,7.561736560388491,7.119490138829554,8.433025334459481,9.068072183408763
460,10.0160183759936,8.9614212397609,8.718299103783993,9.98518900345571,11.591807649811194,8.213607937134244,8.31565572885645,9.077826706841138,9.906554902460526
461,1.69111276850471,2.0527908159163775,2.142773777523265,1.9279834189965124,1.8788802999258991,1.8991875146498853,1.7438653943742783,2.1471999197771026,1.744096113608493
462,3.8701837380235875,5.282538390021526,4.829133687718415,5.308066204345399,4.324096331749983,4.697760051203652,4.422385453641168,4.2183114540671225,5.39269883307696
463,2.61941601314185,3.2505034536573647,3.2542001181332867,3.208262330633297,2.862538409241381,3.079627565389567,2.95056085807248,2.744577511969398,3.273039158096343
464,2.3419181338847124,2.9079845483937956,2.9087317232542036,2.939428977969845,2.6771479696456804,2.69985840788254,2.6747225175624165,2.5725268523107734,2.858267404040671
465,2.8188765050888027,3.6664265182697777,3.4934103760071964,3.7054640965708243,3.2353754694949846,3.3105621935311462,3.1877144958055674,3.0274320135121524,3.7304955535779563
466,6.645461235650038,7.350458830893854,6.873032726522216,7.8397630470494155,7.392697874458537,6.820117469883657,6.31572718675998,7.10580622851381,7.98385255235903
467,4.877097726086234,6.157752366351861,5.5596989207357455,6.2840704358681085,5.3876926350241865,5.603496380425878,5.180811315740584,5.202483704221036,6.468429568631594
468,2.4845834429608002,2.9592793767981744,3.0881669514010155,2.8556001660685917,2.6036433499417484,2.91290513004318,2.802578441346427,2.5652122092751775,2.915293660309865
469,1.6995483367932724,2.0405895862170573,2.156604939426589,1.9031254838140257,1.860341035070285,1.9123114226356548,1.7450838241354607,2.122400422959126,1.7416411771092415
470,4.50439901387321,6.157590557204399,5.33941393877205,6.438552766438095,5.196832613956879,5.299285500650514,4.967501767043822,4.9411347090542,6.431951583092942
471,10.071276059961045,8.938298476950521,8.734987775222885,9.954782495166372,11.599681834513637,8.232637587042335,8.35733326971094,9.097728525380463,9.927295422686552
472,7.202566650681271,7.508549326533509,7.18762732566195,8.001346926963345,8.047005036359016,6.990182888660803,6.407873414112383,7.570259469679979,8.292629922824077
473,5.223988362222287,6.518060426132184,5.802547773421859,6.819034803274013,5.931504849337823,5.92992409175667,5.484560467213512,5.600441971767764,6.97386785739589
474,1.290083018363863,1.4868169529182562,1.643914791476644,1.374595833096031,1.4427006057141896,1.3183934022351433,1.088577664095598,2.0356791587150145,1.0320680986104889
475,3.5851227355311233,4.837466888419464,4.541372583452027,4.7390301522098195,4.00139201238504,4.336693163269585,4.106156624155515,3.8710541547470827,4.936565696340121
476,3.082568816968998,4.137829430773234,3.881487171015313,4.148731381295299,3.580771451341,3.703721169364559,3.577122029595526,3.3411606979453925,4.262014515343369
477,3.6306139819280494,5.161873711695911,4.589571142834103,5.281271378375689,4.305291058387812,4.394757635120959,4.197692261248004,4.038321037569482,5.320837460623309
478,1.658183302899576,1.857164154552234,2.0349826928720938,1.700775306615614,1.736381421923512,1.7732527882679845,1.537742312746631,2.2356871666048677,1.4805274386815745
479,1.632643676679173,2.0199556808891126,2.0793717622581016,1.9080026389529312,1.8553004919452203,1.8305001941843975,1.6945317474371997,2.134596732143713,1.6963325193871888
480,7.061142665313056,7.553473507910133,7.053766959360462,8.142318019202104,8.015190357435758,6.893303839594296,6.356825128545358,7.456486795922096,8.391608991279938
481,2.219433958859357,2.635145992678956,2.748519161405942,2.6210344704115314,2.4688684733163453,2.5350519994148226,2.4856416082456443,2.4261814613956125,2.5472048688541764
482,2.732011741049336,3.5885240584549836,3.397659549253033,3.6533267798731286,3.186792562231115,3.2091987585336095,3.113927787652365,2.9615394196235028,3.6507829023066103
483,1.5751150529367306,1.7013574751849032,1.9307405786243288,1.5254154571522067,1.5960571361170155,1.6667723754812995,1.3934554792137233,2.172836406618625,1.3185771210472175
484,8.41551605571362,8.003732730777074,8.175641808323093,8.971017534717417,9.617610128059416,7.560104223168322,7.130162277085632,8.431400262706266,9.027946098690677
485,2.65168475956508,3.310149893646612,3.267851088677476,3.2930908822654823,2.939276063393796,3.1117979776139797,2.997102480875533,2.7918614452476787,3.310778844355293
486,6.561848122608146,7.302094027751817,6.788417763598533,7.808634063983859,7.32633884281498,6.744777954755678,6.2562927230504926,7.018100081357261,7.905823368841338
487,2.683214409240453,3.324207518231878,3.3205802133230953,3.283484028453282,2.934939270218266,3.1520784679896643,3.0142492277295587,2.8077470601547283,3.3457402621003642
488,1.6684917144818845,1.9450639991179366,2.1012948541180823,1.7689056732430493,1.7588948182919353,1.853516674646725,1.609283541539598,2.13840158326885,1.5864098250250185
489,3.465584993190967,4.710629398082819,4.405290899788637,4.636858271025597,3.917537419727392,4.174533719240479,3.9887691240441203,3.761830691973149,4.82484526974957
490,2.8835650842346356,3.7238449313853854,3.573384650398815,3.7232531841243826,3.252458775475242,3.4123786617347345,3.2451114602757145,3.0837324241363833,3.7793815092757894
491,4.110341042036771,5.642196476274202,4.999509198102196,5.813275939034001,4.652268789089975,4.921010488234664,4.652179561615136,4.459686156299332,5.778952654244686
492,1.4333855218098266,1.5746738531621458,1.776873389851423,1.431984521376705,1.5155773066393963,1.4767028050636397,1.2035160000560274,2.112301613425508,1.1424572748690756
493,1.6210948516335928,1.8158478110022895,2.0048568414574754,1.6538725296768506,1.6857891863275212,1.7416278393160325,1.4959097172655487,2.1872376079710416,1.4413226043173315
494,7.794652653379747,7.371280836469274,7.735442594665754,7.987390541389408,8.555235750321833,7.188234358251336,6.702655028026132,7.950934730287104,8.226428280229992
495,8.99345034396294,7.7424796437933585,8.39230170169298,8.623889989165132,9.659685715016348,7.814088143985496,7.551338145784399,8.660897126160327,8.916397278628601
496,2.897492540255158,3.738991920619715,3.5868314051587586,3.7386277881267214,3.2674221555669485,3.4268407731116195,3.2581083634737453,3.097282469804574,3.794712250073784
497,4.8666161877087415,6.166240485514207,5.555315894504441,6.297009619838588,5.384841217097039,5.597766105116871,5.1775259736887325,5.198644396409141,6.474859164968581
498,9.489540985715921,8.925576329177844,8.461057543001225,10.02311686028762,11.384475255087105,7.939532131894285,7.914267370253753,8.810344590825228,9.643441960834913
499,2.1292946274293176,2.5445919173660503,2.6357432779682273,2.5630417776962857,2.417768643790357,2.4155647041234194,2.399802920145037,2.3606221757019674,2.456624364964971
